snapped_at,price,market_cap,total_volume
2023-04-22 00:00:00 UTC,0.0006120752455366327,0.0,27380.991835746587
2023-04-23 00:00:00 UTC,0.0006120752455366327,0.0,27380.991835746587
2023-04-24 00:00:00 UTC,0.0004511279388983971,0.0,17145.939152081573
2023-04-25 00:00:00 UTC,0.00040086526050680626,0.0,19467.543745998275
2023-04-26 00:00:00 UTC,0.001790488741596502,0.0,312791.4638341172
2023-04-27 00:00:00 UTC,0.0021660301459813375,0.0,898222.441799942
2023-04-28 00:00:00 UTC,0.001524107729134503,0.0,523466.09991293587
2023-04-29 00:00:00 UTC,0.0013498583146468338,0.0,214958.89528591614
2023-04-30 00:00:00 UTC,0.001341039399799757,0.0,120539.48296419192
2023-05-01 00:00:00 UTC,0.001200542926977012,0.0,88584.64998025734
2023-05-02 00:00:00 UTC,0.0008905486540661154,0.0,129601.41363783526
2023-05-03 00:00:00 UTC,0.0009442484729736654,0.0,122073.741177099
2023-05-04 00:00:00 UTC,0.000823952536981156,0.0,75363.282371401
2023-05-05 00:00:00 UTC,0.000643288145189845,0.0,69371.25458045649
2023-05-06 00:00:00 UTC,0.0006028183744989484,0.0,82827.2603084718
2023-05-07 00:00:00 UTC,0.0005812502396947795,0.0,46331.0393358224
2023-05-08 00:00:00 UTC,0.0005340132942219512,0.0,49719.50146993617
2023-05-09 00:00:00 UTC,0.00046791312977393355,0.0,33336.640323249805
2023-05-10 00:00:00 UTC,0.0006357633868195938,0.0,88795.15991477903
2023-05-11 00:00:00 UTC,0.0006101184091225545,0.0,58211.539340336676
2023-05-12 00:00:00 UTC,0.0005710420728292304,0.0,39881.73232315768
2023-05-13 00:00:00 UTC,0.0005389845660187772,0.0,35429.002771460415
2023-05-14 00:00:00 UTC,0.0005153885768437505,0.0,31894.816018196376
2023-05-15 00:00:00 UTC,0.0004911129773281866,0.0,30748.31700815885
2023-05-16 00:00:00 UTC,0.0004760482689892903,0.0,32150.205564570428
2023-05-17 00:00:00 UTC,0.00044495481690353213,0.0,30310.55475161023
2023-05-18 00:00:00 UTC,0.00038227175706367553,0.0,44103.85472479403
2023-05-19 00:00:00 UTC,0.00038933902912670343,0.0,24603.503488294406
2023-05-20 00:00:00 UTC,0.00037781869829108704,0.0,12184.215825642104
2023-05-21 00:00:00 UTC,0.0003742995885696838,0.0,20019.341222958967
2023-05-22 00:00:00 UTC,0.0003272354213447889,0.0,22639.176307856505
2023-05-23 00:00:00 UTC,0.0003242150786294708,0.0,15153.355051292316
2023-05-24 00:00:00 UTC,0.00031443270335169423,0.0,24246.28519179587
2023-05-25 00:00:00 UTC,0.00028857573899298124,0.0,20832.39535762939
2023-05-26 00:00:00 UTC,0.0002909558930986068,0.0,13506.265605231383
2023-05-27 00:00:00 UTC,0.0002682031449568299,0.0,18755.139125021775
2023-05-28 00:00:00 UTC,0.0002805420071861499,0.0,26218.14010183869
2023-05-29 00:00:00 UTC,0.00029256032917214134,0.0,27646.452985648382
2023-05-30 00:00:00 UTC,0.00027731525982231247,0.0,13535.186687043768
2023-05-31 00:00:00 UTC,0.00028587499101272325,0.0,24905.413741915272
2023-06-01 00:00:00 UTC,0.00027826671393968265,0.0,13321.495779927303
2023-06-02 00:00:00 UTC,0.0002893013410372106,0.0,18339.736338109982
2023-06-03 00:00:00 UTC,0.0003061666595441169,0.0,18541.817584984063
2023-06-04 00:00:00 UTC,0.0003296032552572495,0.0,56221.2928613217
2023-06-05 00:00:00 UTC,0.00032878813546184774,0.0,30233.741569134425
2023-06-06 00:00:00 UTC,0.0002974055333166264,0.0,18798.446508771372
2023-06-07 00:00:00 UTC,0.00031055728565487875,0.0,20714.568912837025
2023-06-08 00:00:00 UTC,0.0002993078828126774,0.0,17529.04312929259
2023-06-09 00:00:00 UTC,0.00030661420199664893,0.0,22762.007416000248
2023-06-10 00:00:00 UTC,0.0002990949991320677,0.0,21393.900782792385
2023-06-11 00:00:00 UTC,0.00027716409360385724,0.0,24522.311033424565
2023-06-12 00:00:00 UTC,0.00028922661360417237,0.0,17804.28777648626
2023-06-13 00:00:00 UTC,0.0002783294208740368,0.0,9580.618888285388
2023-06-14 00:00:00 UTC,0.0002777604949363391,0.0,50711.234766398586
2023-06-15 00:00:00 UTC,0.0002783075611654516,0.0,10766.552495157279
2023-06-16 00:00:00 UTC,0.0002785570321876303,0.0,13734.53834480022
2023-06-17 00:00:00 UTC,0.00027984908770225316,0.0,25966.875596772934
2023-06-18 00:00:00 UTC,0.00028424224837761414,0.0,16399.15609833641
2023-06-19 00:00:00 UTC,0.0002748267380600823,0.0,17245.776773535843
2023-06-20 00:00:00 UTC,0.0002785664355942122,0.0,14763.114871769349
2023-06-21 00:00:00 UTC,0.0002988755343563355,0.0,6117.590129617579
2023-06-22 00:00:00 UTC,0.0002992707106515482,0.0,12535.379852427675
2023-06-23 00:00:00 UTC,0.00029564846207668385,0.0,20182.995225089406
2023-06-24 00:00:00 UTC,0.0002968470388330731,0.0,5039.074238568269
2023-06-25 00:00:00 UTC,0.00029038571514056156,0.0,7155.745518766835
2023-06-26 00:00:00 UTC,0.00030005719823084277,0.0,7260.253225894244
2023-06-27 00:00:00 UTC,0.00029265839399814336,0.0,2174.491956196031
2023-06-28 00:00:00 UTC,0.00029082322838027216,0.0,3382.7551943336634
2023-06-29 00:00:00 UTC,0.0003280199266960742,0.0,15570.910847798792
2023-06-30 00:00:00 UTC,0.0003337304013839364,0.0,11744.830684537492
2023-07-01 00:00:00 UTC,0.0003336474167972048,0.0,7524.358664384584
2023-07-02 00:00:00 UTC,0.00034170139033197705,0.0,3114.9778903308393
2023-07-03 00:00:00 UTC,0.00033290990107164145,0.0,6028.21826938408
2023-07-04 00:00:00 UTC,0.000347163350713016,0.0,5451.492793285121
2023-07-05 00:00:00 UTC,0.00033297947743354475,0.0,12180.722715050877
2023-07-06 00:00:00 UTC,0.00032907785952007967,0.0,5446.257265984077
2023-07-07 00:00:00 UTC,0.00033917812381626544,0.0,6862.776224378258
2023-07-08 00:00:00 UTC,0.0003430136245436489,0.0,12132.134589837027
2023-07-09 00:00:00 UTC,0.00034132448486595907,0.0,18257.03248476048
2023-07-10 00:00:00 UTC,0.0003400528433154848,0.0,5781.752735465229
2023-07-11 00:00:00 UTC,0.00034173158186126795,0.0,8476.248348681786
2023-07-12 00:00:00 UTC,0.00036037242043185315,0.0,17148.673698213814
2023-07-13 00:00:00 UTC,0.00047630155732588053,0.0,44269.96183777005
2023-07-14 00:00:00 UTC,0.00040761231023960615,0.0,34714.46534323378
2023-07-15 00:00:00 UTC,0.0004113160672392946,0.0,30937.381205281614
2023-07-16 00:00:00 UTC,0.00041155046153360517,0.0,30955.598871810344
2023-07-18 00:00:00 UTC,0.00039516505906679773,0.0,11489.37547809069
2023-07-19 00:00:00 UTC,0.00039516505906679773,0.0,11489.37547809069
2023-07-20 00:00:00 UTC,0.0004000228392504983,0.0,4814.303097774164
2023-07-21 00:00:00 UTC,0.0003871007813588915,0.0,7979.118596279129
2023-07-22 00:00:00 UTC,0.0003831719101883773,0.0,5960.429278887858
2023-07-23 00:00:00 UTC,0.00038447405045404415,0.0,8777.904433811253
2023-07-24 00:00:00 UTC,0.0003888194722763933,0.0,6293.939615841395
2023-07-25 00:00:00 UTC,0.00037270173147155376,0.0,2970.6516285305443
2023-07-26 00:00:00 UTC,0.00037919097037300684,0.0,10613.242817780605
2023-07-27 00:00:00 UTC,0.0004086130479542222,0.0,18338.96143816928
2023-07-28 00:00:00 UTC,0.00039274368004442,0.0,11921.155944194583
2023-07-29 00:00:00 UTC,0.0004079526945339417,0.0,34286.001397945685
2023-07-30 00:00:00 UTC,0.00041573192866919403,0.0,82178.40527767286
2023-07-31 00:00:00 UTC,0.00039530298809458683,0.0,22058.205501141176
2023-08-01 00:00:00 UTC,0.00045270696455095477,0.0,18346.871084940347
2023-08-02 00:00:00 UTC,0.0004747217097293487,0.0,40068.07548937745
2023-08-03 00:00:00 UTC,0.00046856385744707934,0.0,16551.695345434535
2023-08-04 00:00:00 UTC,0.000485204981294292,0.0,13877.391815749439
2023-08-05 00:00:00 UTC,0.0005272483679074072,0.0,53607.912804526895
2023-08-06 00:00:00 UTC,0.0005296954981331193,0.0,19316.560411600432
2023-08-07 00:00:00 UTC,0.0005409915246985119,0.0,16124.676935657084
2023-08-08 00:00:00 UTC,0.0005443999292064988,0.0,18925.527157879293
2023-08-09 00:00:00 UTC,0.0005424587104000542,0.0,19881.38333447651
2023-08-10 00:00:00 UTC,0.0005320480929752517,0.0,8354.999155035293
2023-08-11 00:00:00 UTC,0.0005140064824983236,0.0,18075.307071355666
2023-08-12 00:00:00 UTC,0.0005043412756023442,0.0,17937.124818642304
2023-08-13 00:00:00 UTC,0.0004903677830884589,0.0,6030.508730379961
2023-08-14 00:00:00 UTC,0.00048146392494940153,0.0,2497.1896806905147
2023-08-15 00:00:00 UTC,0.00047966212387849714,0.0,61657.54936893678
2023-08-16 00:00:00 UTC,0.0005073269531661005,0.0,12533.283628680938
2023-08-17 00:00:00 UTC,0.00048812339078801336,0.0,12928.314740382883
2023-08-18 00:00:00 UTC,0.0004613297684194882,0.0,14075.068887278358
2023-08-19 00:00:00 UTC,0.00047851377434912575,0.0,12495.353878123426
2023-08-20 00:00:00 UTC,0.0004910079817231601,0.0,7305.103066290972
2023-08-21 00:00:00 UTC,0.0004804859835408033,0.0,2964.2072268088923
2023-08-22 00:00:00 UTC,0.0004590914496557503,0.0,3601.575610538544
2023-08-23 00:00:00 UTC,0.00043150562483414346,0.0,8345.413260238012
2023-08-24 00:00:00 UTC,0.00043430430214360576,0.0,12750.368805534912
2023-08-25 00:00:00 UTC,0.0004126047516136888,0.0,6028.093214771679
2023-08-26 00:00:00 UTC,0.00043322729333971467,0.0,6150.568315285636
2023-08-27 00:00:00 UTC,0.00044658345402953295,0.0,4405.946469287892
2023-08-28 00:00:00 UTC,0.0004584254599904295,0.0,5003.0441444162925
2023-08-29 00:00:00 UTC,0.00043876304813350814,0.0,13245.769098414057
2023-08-30 00:00:00 UTC,0.00044617458204652624,0.0,3720.7380839064604
2023-08-31 00:00:00 UTC,0.00043183098953004624,0.0,1588.0108355763864
2023-09-01 00:00:00 UTC,0.0004217908401566939,0.0,2482.926989849392
2023-09-02 00:00:00 UTC,0.0004065969547233844,0.0,1940.8343052190876
2023-09-03 00:00:00 UTC,0.0004121936980953954,0.0,8119.29593063021
2023-09-04 00:00:00 UTC,0.00041668097559674857,0.0,4751.264072060913
2023-09-05 00:00:00 UTC,0.0004139238809915398,0.0,10207.962323420537
2023-09-06 00:00:00 UTC,0.000415353480035026,0.0,9804.64789915929
2023-09-07 00:00:00 UTC,0.00040893691411810005,0.0,6098.185359552625
2023-09-08 00:00:00 UTC,0.0004295834421002804,0.0,29565.058442896006
2023-09-09 00:00:00 UTC,0.0004102447064842392,0.0,14570.325854171395
2023-09-10 00:00:00 UTC,0.00040169449267372405,0.0,17815.181368297497
2023-09-11 00:00:00 UTC,0.00039097730949447923,0.0,14832.658763365756
2023-09-12 00:00:00 UTC,0.0003817606075094756,0.0,16615.27138248977
2023-09-13 00:00:00 UTC,0.00039638644567785853,0.0,12643.974161759552
2023-09-14 00:00:00 UTC,0.00038905952597049305,0.0,14222.15170725835
2023-09-15 00:00:00 UTC,0.00039090588968459383,0.0,11406.359307203773
2023-09-16 00:00:00 UTC,0.00039177984783902216,0.0,10461.2520061962
2023-09-17 00:00:00 UTC,0.0004001415290426665,0.0,12488.510131875883
2023-09-18 00:00:00 UTC,0.000383894855456695,0.0,11934.765707165865
2023-09-19 00:00:00 UTC,0.00039278494946353446,0.0,11284.158793263514
2023-09-20 00:00:00 UTC,0.00040383619563212674,0.0,13259.507783576619
2023-09-21 00:00:00 UTC,0.00039695184415671376,0.0,29061.280289972543
2023-09-22 00:00:00 UTC,0.0004165535196883555,0.0,31884.45043858227
2023-09-23 00:00:00 UTC,0.0004084724035640846,0.0,9073.131766674762
2023-09-24 00:00:00 UTC,0.00041067883074700747,0.0,8483.129811135925
2023-09-25 00:00:00 UTC,0.00040634090404804285,0.0,9355.474238974073
2023-09-26 00:00:00 UTC,0.00040594675439080115,0.0,13185.014636538224
2023-09-27 00:00:00 UTC,0.00040161688732112964,0.0,6478.494924185962
2023-09-28 00:00:00 UTC,0.0003960698256687502,0.0,7159.863414258594
2023-09-29 00:00:00 UTC,0.0004018140719779704,0.0,9220.234138304097
2023-09-30 00:00:00 UTC,0.000411612299864365,0.0,12783.273608018042
2023-10-01 00:00:00 UTC,0.00040514594464822443,0.0,14459.658845425987
2023-10-02 00:00:00 UTC,0.00041269084607575536,0.0,8896.896177009012
2023-10-03 00:00:00 UTC,0.0004043845002280504,0.0,144279.3873038836
2023-10-04 00:00:00 UTC,0.000390878712338865,0.0,10326.817885799737
2023-10-05 00:00:00 UTC,0.00038779677061788367,0.0,6926.0440816086075
2023-10-06 00:00:00 UTC,0.00038594674077173076,0.0,9269.28531925615
2023-10-07 00:00:00 UTC,0.00040133265210028025,0.0,9050.034026012088
2023-10-08 00:00:00 UTC,0.000398943951617997,0.0,5719.423883064595
2023-10-09 00:00:00 UTC,0.0003970438048053345,0.0,27057.01230301402
2023-10-10 00:00:00 UTC,0.00039993600272598376,0.0,12015.57649075749
2023-10-11 00:00:00 UTC,0.00039582262966114223,0.0,10077.911387350961
2023-10-12 00:00:00 UTC,0.0003995252550674041,0.0,4639.9953532005575
2023-10-13 00:00:00 UTC,0.0003921569390088297,0.0,8725.28976868692
2023-10-14 00:00:00 UTC,0.0004152674665997918,0.0,10072.673188803477
2023-10-15 00:00:00 UTC,0.00040400002547039853,0.0,5037.564519679321
2023-10-16 00:00:00 UTC,0.0004013099658194638,0.0,4585.914112830752
2023-10-17 00:00:00 UTC,0.00042018108725940293,0.0,45035.240021323625
2023-10-18 00:00:00 UTC,0.00040816507620559277,0.0,2088.1875228895015
2023-10-19 00:00:00 UTC,0.0003989466548812527,0.0,1875.855313486042
2023-10-20 00:00:00 UTC,0.00040425572185256905,0.0,2356.6687170071327
2023-10-21 00:00:00 UTC,0.00040328401450920814,0.0,9058.444099526327
2023-10-22 00:00:00 UTC,0.00041974046404333375,0.0,16166.57387809167
2023-10-23 00:00:00 UTC,0.0004102274947573401,0.0,10825.303244726327
2023-10-24 00:00:00 UTC,0.00041519570122511485,0.0,5076.030765939349
2023-10-25 00:00:00 UTC,0.0004246743878797224,0.0,9286.679770001254
2023-10-26 00:00:00 UTC,0.0004317266970673887,0.0,24600.62592066214
2023-10-27 00:00:00 UTC,0.0004255533092151217,0.0,13197.254711292728
2023-10-28 00:00:00 UTC,0.0004183444289097859,0.0,6388.30092833502
2023-10-29 00:00:00 UTC,0.000420649559602019,0.0,10543.81300096077
2023-10-30 00:00:00 UTC,0.00042516569923160504,0.0,4117.704330842851
2023-10-31 00:00:00 UTC,0.0004352850431852462,0.0,11419.158294060575
2023-11-01 00:00:00 UTC,0.0004279293220452626,0.0,10855.621169791126
2023-11-02 00:00:00 UTC,0.00041733636270784914,0.0,48667.854823561225
2023-11-03 00:00:00 UTC,0.0004170933548355445,0.0,22539.806466971128
2023-11-04 00:00:00 UTC,0.0004639693850859836,0.0,7853.372728046265
2023-11-05 00:00:00 UTC,0.00050341389699659,0.0,27902.591111114958
2023-11-06 00:00:00 UTC,0.0005262174962139618,0.0,66083.59647381559
2023-11-07 00:00:00 UTC,0.0005086759264590802,0.0,34155.90627145833
2023-11-08 00:00:00 UTC,0.0004866253883540873,0.0,17499.515365759587
2023-11-09 00:00:00 UTC,0.0004823624005287994,0.0,17467.751103009803
2023-11-10 00:00:00 UTC,0.0004952805158048132,0.0,14771.353840242933
2023-11-11 00:00:00 UTC,0.0005736142200062235,0.0,31665.620223650672
2023-11-12 00:00:00 UTC,0.0005870391049447243,0.0,39767.09802348154
2023-11-13 00:00:00 UTC,0.0005534135293002797,0.0,17169.423825940325
2023-11-14 00:00:00 UTC,0.0005505716224948981,0.0,24928.544663158966
2023-11-15 00:00:00 UTC,0.0005524842080874587,0.0,20838.35292245507
2023-11-16 00:00:00 UTC,0.0005923113910324992,0.0,30693.407144280685
2023-11-17 00:00:00 UTC,0.000557646065030657,0.0,34666.56354366179
2023-11-18 00:00:00 UTC,0.0005851586810761137,0.0,57721.69424285084
2023-11-19 00:00:00 UTC,0.0005865610227093951,0.0,37867.42736524807
2023-11-20 00:00:00 UTC,0.0005878093187955459,0.0,11381.2348100356
2023-11-21 00:00:00 UTC,0.00058197483947645,0.0,13715.941998652928
2023-11-22 00:00:00 UTC,0.0005825685584057628,0.0,42608.71809898138
2023-11-23 00:00:00 UTC,0.0006753656838118768,0.0,65107.987260910406
2023-11-24 00:00:00 UTC,0.0006635226061515443,0.0,72558.27479836401
2023-11-25 00:00:00 UTC,0.0007047970925783964,0.0,12999.173701207388
2023-11-26 00:00:00 UTC,0.0007669473135421985,0.0,43335.30020339627
2023-11-27 00:00:00 UTC,0.000736953060706124,0.0,22629.96092680936
2023-11-28 00:00:00 UTC,0.0007157047274540365,0.0,15481.815406480066
2023-11-29 00:00:00 UTC,0.0007913656101049885,0.0,108119.23149035136
2023-11-30 00:00:00 UTC,0.0008281847379452414,0.0,127272.96758855342
2023-12-01 00:00:00 UTC,0.0008411298121801908,0.0,29845.367111429478
2023-12-02 00:00:00 UTC,0.00083993170617595,0.0,37037.23692657704
2023-12-03 00:00:00 UTC,0.0008471156262148888,0.0,59280.03561506069
2023-12-04 00:00:00 UTC,0.0008037246908276541,0.0,31157.614196960007
2023-12-05 00:00:00 UTC,0.000812988388629276,0.0,23285.038302727968
2023-12-06 00:00:00 UTC,0.0008640834951602152,0.0,25537.450457669845
2023-12-07 00:00:00 UTC,0.0014571217986195937,0.0,407920.55896577245
2023-12-08 00:00:00 UTC,0.0015359226065700573,0.0,396354.1762241176
2023-12-09 00:00:00 UTC,0.0013432955425597994,0.0,137670.92108523968
2023-12-10 00:00:00 UTC,0.0012262472434038795,0.0,118565.29188943702
2023-12-11 00:00:00 UTC,0.00141248905826422,0.0,109694.60841853986
2023-12-12 00:00:00 UTC,0.001323873419186731,0.0,273396.77249253145
2023-12-13 00:00:00 UTC,0.0013876525604980415,0.0,371721.1951682395
2023-12-14 00:00:00 UTC,0.0014986897699817124,0.0,167415.59497918337
2023-12-15 00:00:00 UTC,0.0018797978057665842,45508427.008685544,2370486.050216194
2023-12-16 00:00:00 UTC,0.002112250266260488,53116389.71003508,1202863.6179365586
2023-12-17 00:00:00 UTC,0.002165729696234091,51964890.88413132,666260.6530531609
2023-12-18 00:00:00 UTC,0.0020265276946935047,49048519.99543859,826090.6773148212
2023-12-19 00:00:00 UTC,0.0022918610757393996,54844665.51806761,1966095.4995350896
2023-12-20 00:00:00 UTC,0.002566847260475853,61706224.82540489,4530450.8180943895
2023-12-21 00:00:00 UTC,0.0024303607457113493,58181751.240376845,2278426.514896358
2023-12-22 00:00:00 UTC,0.0023101649376583554,55142147.171648376,952706.8089847341
2023-12-23 00:00:00 UTC,0.0020622653656166847,48965701.322315484,386537.565730955
2023-12-24 00:00:00 UTC,0.002194736578285932,51968952.0977928,448662.6412483309
2023-12-25 00:00:00 UTC,0.0020181417582371872,47709427.95786119,587363.7022056364
2023-12-26 00:00:00 UTC,0.002160776428356851,50584514.41783009,462897.07848219236
2023-12-27 00:00:00 UTC,0.0019691719746073055,46189735.12323496,660.3123231436022
2023-12-28 00:00:00 UTC,0.001879362508930437,44124726.92223522,201221.09251281363
2023-12-29 00:00:00 UTC,0.0018829633130048912,44345426.75367646,188186.0819578472
2023-12-30 00:00:00 UTC,0.001914072040673359,44707772.41152332,359123.2861186678
2023-12-31 00:00:00 UTC,0.001921471414613665,45121293.05028398,121693.28674799655
2024-01-01 00:00:00 UTC,0.0019245752155486857,44929675.624085836,139153.0936732403
2024-01-02 00:00:00 UTC,0.0019515377138146018,45580516.59127371,139850.83092900726
2024-01-03 00:00:00 UTC,0.0018037399908053613,42008592.74723058,161765.7395937101
2024-01-04 00:00:00 UTC,0.0015848513168042627,36717893.224171735,221386.64318752868
2024-01-05 00:00:00 UTC,0.0017289044849041894,40160676.55561507,239031.80308675338
2024-01-06 00:00:00 UTC,0.0015903045055632185,37121490.604918025,149864.76336149024
2024-01-07 00:00:00 UTC,0.0014395431798571205,33394040.96126456,79616.35550995426
2024-01-08 00:00:00 UTC,0.001458109832617608,33908452.54859011,65161.85627262409
2024-01-09 00:00:00 UTC,0.0015017224498433755,35043558.308371454,142907.18492306184
2024-01-10 00:00:00 UTC,0.0018797230994174238,43545456.72400523,249775.9867150423
2024-01-11 00:00:00 UTC,0.0018453883695904382,43100375.2832623,168883.3559595801
2024-01-12 00:00:00 UTC,0.001915412716732793,44565124.08216176,303838.303682652
2024-01-13 00:00:00 UTC,0.0020928704571349125,48297933.07877837,253511.24868792517
2024-01-14 00:00:00 UTC,0.0020114331593448324,46631373.227903344,106994.52306430027
2024-01-15 00:00:00 UTC,0.0019568656967090497,45229136.107896574,140057.81728814804
2024-01-16 00:00:00 UTC,0.0019845213731619848,46204815.99751409,119684.8025543287
2024-01-17 00:00:00 UTC,0.00203381305838913,47358788.2457763,309355.08167342877
2024-01-18 00:00:00 UTC,0.0020051757916057836,46571853.37294549,130432.90596298287
2024-01-19 00:00:00 UTC,0.001847801777804324,43257802.103005886,316125.64961490483
2024-01-20 00:00:00 UTC,0.0019041958974630336,44573128.28118579,144343.79358075626
2024-01-21 00:00:00 UTC,0.0017677527129112305,41685767.26579136,103961.72650971913
2024-01-22 00:00:00 UTC,0.0018054207663120879,42631258.76345646,85169.29046531135
2024-01-23 00:00:00 UTC,0.0016565332501707352,38959143.272211924,109024.58019342746
2024-01-24 00:00:00 UTC,0.0015703518405033026,37043437.59583239,1246.3583407967851
2024-01-25 00:00:00 UTC,0.0018786970009405147,44217262.36483052,139820.1108350481
2024-01-26 00:00:00 UTC,0.0018182129409300349,43001240.05122956,163689.99449537773
2024-01-27 00:00:00 UTC,0.001987652190752604,47104844.452857755,107419.18339159692
2024-01-28 00:00:00 UTC,0.0021364143182717402,50502186.39824735,82309.12504154412
2024-01-29 00:00:00 UTC,0.0020818493953611702,49414103.645981915,126499.27236225855
2024-01-30 00:00:00 UTC,0.002124959170634207,50440293.9444679,203546.88253319633
2024-01-31 00:00:00 UTC,0.0019895640528210666,47119125.64782558,111886.83820530257
2024-02-01 00:00:00 UTC,0.001982260962226449,47003616.15228845,165010.22833442644
2024-02-02 00:00:00 UTC,0.0019297736981996956,45666768.761098415,142467.75865210276
2024-02-03 00:00:00 UTC,0.0019149989755198346,45664368.790301256,136182.3023357333
2024-02-04 00:00:00 UTC,0.0019221690316400814,45793468.27963514,60266.88526264145
2024-02-05 00:00:00 UTC,0.0018786006195562828,44802552.135568134,57200.778188211734
2024-02-06 00:00:00 UTC,0.001882590956619799,45016356.94315149,167397.74150193742
2024-02-07 00:00:00 UTC,0.0018322013068629555,43887574.27259333,73117.3011205008
2024-02-08 00:00:00 UTC,0.0018469229687658076,44333865.31055691,82351.83285407654
2024-02-09 00:00:00 UTC,0.0018389354067156135,44314910.84953379,100744.8234023993
2024-02-10 00:00:00 UTC,0.001976690248509397,47513951.13570932,108308.49641071682
2024-02-11 00:00:00 UTC,0.0020877740679999136,50271771.83967083,88176.77993299856
2024-02-12 00:00:00 UTC,0.0021014547978356847,50538352.99515409,115430.2738025267
2024-02-13 00:00:00 UTC,0.002182847976209486,52312913.053033255,179021.1540310718
2024-02-14 00:00:00 UTC,0.0023782354122155345,57279987.92109309,247115.59856071055
2024-02-15 00:00:00 UTC,0.0024571787025353593,59176401.77935166,235911.23914991342
2024-02-16 00:00:00 UTC,0.0026276825182971787,63080682.69211144,439114.07350364607
2024-02-17 00:00:00 UTC,0.002549279042737717,61198555.36185864,361786.74925570167
2024-02-18 00:00:00 UTC,0.0024349550312007112,58623923.10598712,162898.07420677936
2024-02-19 00:00:00 UTC,0.0024748444905994703,59631091.45895861,175002.88027246023
2024-02-20 00:00:00 UTC,0.0024836456979097244,59759897.32759362,281884.02081939403
2024-02-21 00:00:00 UTC,0.002458777229142532,59282998.44097572,147189.30418197805
2024-02-22 00:00:00 UTC,0.002330873877850447,56164773.33152984,225722.02560137495
2024-02-23 00:00:00 UTC,0.0022303803657143673,53879968.46098499,168262.14256243955
2024-02-24 00:00:00 UTC,0.0021085676321948737,51107371.691062376,183365.61651431167
2024-02-25 00:00:00 UTC,0.00227464310947292,55150646.47493108,84382.47623919102
2024-02-26 00:00:00 UTC,0.002148788773307354,52179322.830199026,131653.330384997
2024-02-27 00:00:00 UTC,0.0023151144106198095,56361654.19052244,148329.7890041425
2024-02-28 00:00:00 UTC,0.002270957673269967,55119110.636445254,204372.5007386622
2024-02-29 00:00:00 UTC,0.0024044126434598478,58282435.55496547,269889.25308495143
2024-03-01 00:00:00 UTC,0.002251554949041966,54752261.89967057,297400.2651803945
2024-03-02 00:00:00 UTC,0.0022875490543029678,55449600.36870113,264672.86539828463
2024-03-03 00:00:00 UTC,0.0022200163247314583,53916913.57930942,247108.92667077715
2024-03-04 00:00:00 UTC,0.002232259941341703,54140414.58467185,355505.795157794
2024-03-05 00:00:00 UTC,0.0021537741362314304,52038223.28385395,342668.6308507125
2024-03-06 00:00:00 UTC,0.0020884764259765857,50685613.60346238,234690.41934309114
2024-03-07 00:00:00 UTC,0.002050956743876733,50022259.96716057,247170.63216691144
2024-03-08 00:00:00 UTC,0.002129036027725882,51785259.89120565,300154.96903973207
2024-03-09 00:00:00 UTC,0.002207993112292043,53608225.97526002,290628.7575608188
2024-03-10 00:00:00 UTC,0.0022938414456904945,55674959.97890905,252343.33060589613
2024-03-11 00:00:00 UTC,0.0022199443284306457,54048888.05058931,260475.69584541142
2024-03-12 00:00:00 UTC,0.0021050449231115108,51002618.45681071,285758.3313667829
2024-03-13 00:00:00 UTC,0.001999141261147876,48612460.95653915,375188.0359656709
2024-03-14 00:00:00 UTC,0.002066296639993363,50285858.56910633,400634.5637318038
2024-03-15 00:00:00 UTC,0.00196296424039436,47670229.36028055,329321.6509782731
2024-03-16 00:00:00 UTC,0.001956411565759756,47614148.466148086,314819.2416378496
2024-03-17 00:00:00 UTC,0.0017017599933275558,41518388.99693482,321347.1292116804
2024-03-18 00:00:00 UTC,0.001869896121643608,45625388.19747258,210444.89339241435
2024-03-19 00:00:00 UTC,0.001715906614573326,41941442.82143259,167698.2913330922
2024-03-20 00:00:00 UTC,0.0015521876031402784,37938337.41595341,157262.57709716682
2024-03-21 00:00:00 UTC,0.0017793168029577079,43562644.781329155,79966.44361855781
2024-03-22 00:00:00 UTC,0.0015944049639946198,39162855.81225994,82006.84814041444
2024-03-23 00:00:00 UTC,0.001555261888847536,38031642.88619863,75348.00625696783
2024-03-24 00:00:00 UTC,0.0015508546281650791,38134493.30230179,73639.40780549534
2024-03-25 00:00:00 UTC,0.0016206462894114986,39947586.138979845,132219.35104756226
2024-03-26 00:00:00 UTC,0.001600897388552256,39448174.52397696,121989.87928070732
2024-03-27 00:00:00 UTC,0.0014846788795285376,36523798.53308668,82366.72802322381
2024-03-28 00:00:00 UTC,0.0014533038796804357,35988218.43596305,42778.265123292374
2024-03-29 00:00:00 UTC,0.001540207189625935,38128589.64090904,58496.56508655481
2024-03-30 00:00:00 UTC,0.0015099573437568393,37379373.256239474,73196.60092680965
2024-03-31 00:00:00 UTC,0.0014365724119893403,35635474.66982031,46506.79552244543
2024-04-01 00:00:00 UTC,0.0014227747109629328,35392471.49966668,36074.18222941429
2024-04-02 00:00:00 UTC,0.001327441611262484,32964553.18364679,41756.684102715764
2024-04-03 00:00:00 UTC,0.0013018684720815037,32485554.196418222,14762.816852418127
2024-04-04 00:00:00 UTC,0.001288249079784442,32148670.364674367,85516.10374938048
2024-04-05 00:00:00 UTC,0.0013038813183220922,32605685.62778375,96353.1762267581
2024-04-06 00:00:00 UTC,0.0013156341630902553,33235558.122742683,67058.98528970427
2024-04-07 00:00:00 UTC,0.0013992593765244665,35059329.03349976,47298.085433422326
2024-04-08 00:00:00 UTC,0.0013891112606741953,34924097.93346001,65873.73212958396
2024-04-09 00:00:00 UTC,0.0013630563754460081,34352114.33607332,34754.43642737051
2024-04-10 00:00:00 UTC,0.001292153300000596,32606621.24208407,32111.343823574873
2024-04-11 00:00:00 UTC,0.0013704921345018997,34598734.4798938,29037.050154654753
2024-04-12 00:00:00 UTC,0.0013875834285430883,35058017.5999922,70174.97913236638
2024-04-13 00:00:00 UTC,0.0011907997201319185,30149184.44475273,80148.17760160098
2024-04-14 00:00:00 UTC,0.0010781298848967964,27803010.716855843,133240.7730244469
2024-04-15 00:00:00 UTC,0.0010373751969979818,26438540.703318205,110858.7498762416
2024-04-16 00:00:00 UTC,0.000989794110060864,25354597.143777218,153654.95376585075
2024-04-17 00:00:00 UTC,0.0010047288771635875,25695884.908176478,132575.37332091804
2024-04-18 00:00:00 UTC,0.0009545280960496715,24452892.672076788,60551.69921052296
2024-04-19 00:00:00 UTC,0.0009245845248917608,23761252.773808897,55753.445195537475
2024-04-20 00:00:00 UTC,0.0008881515028028225,22926096.121122073,41221.38221415562
2024-04-21 00:00:00 UTC,0.000948520298704523,24507538.486867167,53353.19513783599
2024-04-22 00:00:00 UTC,0.000892710389941286,23156230.31102965,66523.38945825261
2024-04-23 00:00:00 UTC,0.0009029867417366179,23387598.56465352,55263.902674639794
2024-04-24 00:00:00 UTC,0.0008741379680862815,22670652.538664237,37595.451942486055
2024-04-25 00:00:00 UTC,0.0008269519358065462,21539607.83822862,16716.5268475268
2024-04-26 00:00:00 UTC,0.0009307650023422732,24258732.088216666,43463.06578652596
2024-04-27 00:00:00 UTC,0.000897361263456687,23408756.121234138,50153.77876128121
2024-04-28 00:00:00 UTC,0.0009886911240521061,25798810.7097064,44714.62947292139
2024-04-29 00:00:00 UTC,0.001132605869845713,29611922.553196296,112134.48711536005
2024-04-30 00:00:00 UTC,0.0013226523329500663,34640924.92935642,171391.45263560364
2024-05-01 00:00:00 UTC,0.0011618745678566265,30342469.413964782,78190.84849618483
2024-05-02 00:00:00 UTC,0.0011115886968758612,29077007.225636873,101130.26547102896
2024-05-03 00:00:00 UTC,0.0012084407284524237,31584187.73468659,56770.10824747253
2024-05-04 00:00:00 UTC,0.0011918349746692014,31225229.636304926,53742.644251576894
2024-05-05 00:00:00 UTC,0.0012204153677487478,32012997.89097155,49355.26354088275
2024-05-06 00:00:00 UTC,0.0012044065095358596,31648858.455830928,50314.3967902094
2024-05-07 00:00:00 UTC,0.0011528190713133665,30359850.069466114,69741.84968206292
2024-05-08 00:00:00 UTC,0.0010608279669306103,28002739.399105463,32054.63618394036
2024-05-09 00:00:00 UTC,0.0009640500044813744,25475829.835852355,45838.335331087525
2024-05-10 00:00:00 UTC,0.0010330623462666288,27308141.181791067,51213.01102640185
2024-05-11 00:00:00 UTC,0.0010049902872372222,26622471.851573303,77223.1231732663
2024-05-12 00:00:00 UTC,0.0010322547507126286,27451282.854947783,40053.996697761875
2024-05-13 00:00:00 UTC,0.0010216688610575346,27169506.578044407,17465.175380826997
2024-05-14 00:00:00 UTC,0.0010177385243454438,27090487.860827904,63309.30342815008
2024-05-15 00:00:00 UTC,0.0009864364233149161,26297301.614875462,42980.09732886771
2024-05-16 00:00:00 UTC,0.0010594117464283045,28367487.359713465,52320.498143612844
2024-05-17 00:00:00 UTC,0.0009859945611690585,26442696.582682915,64737.099260513445
2024-05-18 00:00:00 UTC,0.0010180952778696606,27311510.626616996,84332.69418582557
2024-05-19 00:00:00 UTC,0.0009775216774486378,26321468.086474873,71102.23506416337
2024-05-20 00:00:00 UTC,0.0009464489947711904,25505989.1544806,60985.94923370672
2024-05-21 00:00:00 UTC,0.00099334241203242,27108868.481230445,93957.93184496473
2024-05-22 00:00:00 UTC,0.0010202690094824735,27566863.154572025,135003.3783268822
2024-05-23 00:00:00 UTC,0.0009462705681024046,25609041.76442693,68700.42142074677
2024-05-24 00:00:00 UTC,0.0009013698076930715,24433977.26841265,100167.12792380595
2024-05-25 00:00:00 UTC,0.0008959083208414733,24385049.86859477,104183.72959369872
2024-05-26 00:00:00 UTC,0.0008643568798579409,23557825.23864691,88483.45736483736
2024-05-27 00:00:00 UTC,0.0008783394575235439,23968538.965648867,64068.01405380141
2024-05-28 00:00:00 UTC,0.0008827717316957643,24108914.870501768,108069.53764822
2024-05-29 00:00:00 UTC,0.0008557984605287952,23445628.444297023,81542.11817584009
2024-05-30 00:00:00 UTC,0.0008374158802262893,22983353.986539386,63763.99410483024
2024-05-31 00:00:00 UTC,0.0008244941145491375,22628474.612223897,51965.39948227906
2024-06-01 00:00:00 UTC,0.0008359268592605332,23041795.162526965,50500.59748641463
2024-06-02 00:00:00 UTC,0.0008504378808818772,23409979.59982656,40182.25271932269
2024-06-03 00:00:00 UTC,0.0008381244881369601,23111543.704830363,35585.89165533445
2024-06-04 00:00:00 UTC,0.0008521751959957566,23542285.026228145,89432.6355228322
2024-06-05 00:00:00 UTC,0.0008393958617266502,23198569.35700743,85247.4121893453
2024-06-06 00:00:00 UTC,0.0008327233790347456,23102373.43190166,88373.5503504202
2024-06-07 00:00:00 UTC,0.000804629625640245,22338856.56799957,68360.88938021472
2024-06-08 00:00:00 UTC,0.000764412447734615,21257547.496497102,101653.4985215168
2024-06-09 00:00:00 UTC,0.0007225139823228942,20130157.086428374,86853.25676318885
2024-06-10 00:00:00 UTC,0.0007482434567931313,20875428.987418238,74639.27368266723
2024-06-11 00:00:00 UTC,0.0007251800676830013,20260557.558327813,98050.81032119328
2024-06-12 00:00:00 UTC,0.0006853538466735898,19163331.44370682,93840.22060370754
2024-06-13 00:00:00 UTC,0.0007565023857273275,21165962.167831674,55355.924484424664
2024-06-14 00:00:00 UTC,0.0006935872481622651,19460111.47779263,93509.18135734429
2024-06-15 00:00:00 UTC,0.0006839576635434863,19215707.746378746,92043.76911601021
2024-06-16 00:00:00 UTC,0.0006977918032555543,19643669.089608174,40960.835644593564
2024-06-17 00:00:00 UTC,0.0006854610813050547,19333542.358821273,35252.47826291675
2024-06-18 00:00:00 UTC,0.0006331064698193529,17880106.044027787,37337.537146251016
2024-06-19 00:00:00 UTC,0.0006637691995051489,18756703.030604202,73988.77709671439
2024-06-20 00:00:00 UTC,0.0006948099792441707,19678861.120459743,81771.22464500424
2024-06-21 00:00:00 UTC,0.0006638402342957436,18860538.31532542,40033.39250144788
2024-06-22 00:00:00 UTC,0.0006725076276081133,19120456.176811583,45.85896864052998
2024-06-23 00:00:00 UTC,0.0006901264133141599,19660153.303921282,4.393977023987554
2024-06-24 00:00:00 UTC,0.0006585300186764287,18802005.86511789,19314.935404178028
2024-06-25 00:00:00 UTC,0.0006355917380730669,18142081.52838827,54178.757443162285
2024-06-26 00:00:00 UTC,0.0006750187830616342,19306769.447066493,40041.53606205069
2024-06-27 00:00:00 UTC,0.0006693129698423834,19144646.031929903,18863.183167116025
2024-06-28 00:00:00 UTC,0.0007183862112688386,20621506.044999383,46550.70841192517
2024-06-29 00:00:00 UTC,0.0007021928066262116,20194414.283175096,38197.97470231578
2024-06-30 00:00:00 UTC,0.0006505962750127867,18745890.78687501,42506.58136395649
2024-07-01 00:00:00 UTC,0.0006783730440609281,19574266.711354796,34636.14905269284
2024-07-02 00:00:00 UTC,0.0006788891327201875,19555075.461262483,61559.13252092123
2024-07-03 00:00:00 UTC,0.0007257294937229664,21001595.266629666,78320.72686550254
2024-07-04 00:00:00 UTC,0.0006926766888531289,20083682.81036562,76950.48548087255
2024-07-05 00:00:00 UTC,0.0006336571438764572,18462600.832043286,48675.581657587616
2024-07-06 00:00:00 UTC,0.0006102519953743869,17765226.223057594,61253.707944766844
2024-07-07 00:00:00 UTC,0.0006469368180337725,18846432.393294066,27210.982285890255
2024-07-08 00:00:00 UTC,0.0005920990834432743,17312012.839836672,21470.51060839026
2024-07-09 00:00:00 UTC,0.000610852719739047,17839112.926902425,38407.57202100586
2024-07-10 00:00:00 UTC,0.0006062038091588756,17775460.58002226,25684.234202921885
2024-07-11 00:00:00 UTC,0.0005949012713437695,17447319.87749278,28128.298432668693
2024-07-12 00:00:00 UTC,0.0005855578648190855,17203679.794445463,16371.388711830494
2024-07-13 00:00:00 UTC,0.0006019324080279238,17710676.920088403,22123.852957119394
2024-07-14 00:00:00 UTC,0.0006134572915283419,18124494.149136834,23339.848004991156
2024-07-15 00:00:00 UTC,0.0006205997174058396,18260665.006529402,23731.782898333342
2024-07-16 00:00:00 UTC,0.0006988591511039241,20641061.9490866,57078.49704740586
2024-07-17 00:00:00 UTC,0.0007357985078886077,21763355.172929823,59613.744773282
2024-07-18 00:00:00 UTC,0.0007937377209479428,23483320.46538951,78698.98011835589
2024-07-19 00:00:00 UTC,0.0007953509349105902,23524693.371549,21976.572947590124
2024-07-20 00:00:00 UTC,0.0008376205177139798,24805241.28764358,33926.83141970784
2024-07-21 00:00:00 UTC,0.0008470372035736286,25132675.256361715,30376.355627075147
2024-07-22 00:00:00 UTC,0.0009067644541363619,26921775.9263358,27880.737998887173
2024-07-23 00:00:00 UTC,0.0009548318385578126,28305084.86585308,83890.87028207841
2024-07-24 00:00:00 UTC,0.001009366915955827,29949732.398222063,66873.68382234364
2024-07-25 00:00:00 UTC,0.0009908375357035805,29428581.053657014,60395.14392618347
2024-07-26 00:00:00 UTC,0.0009891045583702335,29413781.286983307,60273.2932100141
2024-07-27 00:00:00 UTC,0.000991038196043917,29516963.563005343,54270.52974968907
2024-07-28 00:00:00 UTC,0.0010356146262614368,30850312.58120465,48959.73706998555
2024-07-29 00:00:00 UTC,0.0009835001235592854,29334953.8971749,30305.14187043807
2024-07-30 00:00:00 UTC,0.0009310365941253762,27804783.29916105,53260.80618053689
2024-07-31 00:00:00 UTC,0.0009154484058382778,27414391.885401458,46638.6631627919
2024-08-01 00:00:00 UTC,0.0008985891070600283,26918329.330500286,30238.397554931347
2024-08-02 00:00:00 UTC,0.0009727855100289287,29156822.922703683,43151.488909948435
2024-08-03 00:00:00 UTC,0.0008539126594262719,25533408.35017306,46620.90218939416
2024-08-04 00:00:00 UTC,0.0008350295460861079,25065201.519169837,41629.84354358326
2024-08-05 00:00:00 UTC,0.0007749823608214983,23352231.06414474,34225.77190346789
2024-08-06 00:00:00 UTC,0.0008299366028293385,25099290.952327013,78101.13025801176
2024-08-07 00:00:00 UTC,0.0008467812623479294,25509264.016490526,31082.40020272397
2024-08-08 00:00:00 UTC,0.0008535000253473325,25731534.5212485,42261.86899873845
2024-08-09 00:00:00 UTC,0.0010569756269320444,31737425.67692403,40204.733109825356
2024-08-10 00:00:00 UTC,0.001240203092563282,37237148.18446037,39474.51977154483
2024-08-11 00:00:00 UTC,0.0011650801199190204,34956506.756661445,33708.31303141314
2024-08-12 00:00:00 UTC,0.001101101421933566,33049891.396759626,27850.74974605818
2024-08-13 00:00:00 UTC,0.001265395266843124,37958893.271926254,34485.380265772736
2024-08-14 00:00:00 UTC,0.0013458973670888769,40298757.87444957,82497.55318566259
2024-08-15 00:00:00 UTC,0.0013371644257321707,39635494.86668976,49028.352904467436
2024-08-16 00:00:00 UTC,0.0012232443659728248,36612935.83457529,44160.84403521494
2024-08-17 00:00:00 UTC,0.0012253476325367499,36654266.263045356,28399.829313539594
2024-08-18 00:00:00 UTC,0.0013724140254691227,41044677.426097274,44193.24527068101
2024-08-19 00:00:00 UTC,0.0013161370463641452,39386181.69989806,31445.718879092095
2024-08-20 00:00:00 UTC,0.0013542176309162112,40409903.85650134,44496.59835931145
2024-08-21 00:00:00 UTC,0.0013020354999498005,39032461.62228276,30799.835755902568
2024-08-22 00:00:00 UTC,0.0012160762407160074,36458509.34767494,42331.91944256364
2024-08-23 00:00:00 UTC,0.0011851523846457624,35576151.416548036,20666.029295837256
2024-08-24 00:00:00 UTC,0.001221245081720694,36759558.81038053,60259.24981015485
2024-08-25 00:00:00 UTC,0.0011840140852085064,35585581.58752416,31326.032519461434
2024-08-26 00:00:00 UTC,0.0011169849313853938,33695743.05726025,20343.931495891764
2024-08-27 00:00:00 UTC,0.0012486485770558063,37700213.805106714,86551.68004704216
2024-08-28 00:00:00 UTC,0.001197658761190417,36194017.490191944,118416.88560171123
2024-08-29 00:00:00 UTC,0.0012578090375854711,38052829.9951033,37820.04307039739
2024-08-30 00:00:00 UTC,0.001256123869788279,38014625.5179459,39301.22221031104
2024-08-31 00:00:00 UTC,0.0012876461660943353,39025967.95566027,60980.16364331424
2024-09-01 00:00:00 UTC,0.0012469961748910504,37805663.30447871,38422.7317569802
2024-09-02 00:00:00 UTC,0.001267258259329537,38413573.26851829,31661.52581878526
2024-09-03 00:00:00 UTC,0.0013429683431278447,40592787.34074887,39447.32069236743
2024-09-04 00:00:00 UTC,0.0012336681978727464,37545599.527444005,29728.246907893987
2024-09-05 00:00:00 UTC,0.0013689947143606608,41499658.10341415,32646.865722421917
2024-09-06 00:00:00 UTC,0.0014804662691159938,44859037.59263338,32109.10696699295
2024-09-07 00:00:00 UTC,0.0014165347412655694,42894403.78184626,50755.27827613609
2024-09-08 00:00:00 UTC,0.001410747602682401,42683001.60136582,36069.92686114932
2024-09-09 00:00:00 UTC,0.0014230342958554763,43196278.12969163,55153.02120712063
2024-09-10 00:00:00 UTC,0.0013459281861806982,40846091.84137845,64490.174190627724
2024-09-11 00:00:00 UTC,0.0013979090344270412,42443792.29269336,34167.22468953063
2024-09-12 00:00:00 UTC,0.0013869738901231474,42169483.52554245,30694.437051438555
2024-09-13 00:00:00 UTC,0.00134464954287447,40914388.15041696,50206.176850544114
2024-09-14 00:00:00 UTC,0.0013741968410599821,41791673.43497047,21234.39911391155
2024-09-15 00:00:00 UTC,0.001253960005387841,38236598.364016466,47434.2071739007
2024-09-16 00:00:00 UTC,0.0013125911740123673,40029448.524548285,30426.146578409716
2024-09-17 00:00:00 UTC,0.0012392623123592557,37924654.016247414,35124.21251069932
2024-09-18 00:00:00 UTC,0.0011840883144459452,36259315.57619955,39831.673359117725
2024-09-19 00:00:00 UTC,0.0012789448519357762,39154752.38645469,46277.24581646647
2024-09-20 00:00:00 UTC,0.001216653408146824,37292940.392317906,46511.7751446821
2024-09-21 00:00:00 UTC,0.0011893604955095015,36554157.22409035,33491.24355042247
2024-09-22 00:00:00 UTC,0.001207495087599542,37151568.239508025,14571.179013773062
2024-09-23 00:00:00 UTC,0.0013482801831102922,41511178.02194468,29403.157894216416
2024-09-24 00:00:00 UTC,0.0012899575779078036,39702153.715082206,26611.325813621846
2024-09-25 00:00:00 UTC,0.0013130336678612877,40478909.08211456,31569.80023824753
2024-09-26 00:00:00 UTC,0.0012847733868818782,39639626.6666544,11867.503340902784
2024-09-27 00:00:00 UTC,0.0012720566815558887,39313093.705383174,39237.82085309479
2024-09-28 00:00:00 UTC,0.0013455824355556904,41589645.426897965,25074.10791330131
2024-09-29 00:00:00 UTC,0.0012910347926005244,39997654.9402209,19659.154055389914
2024-09-30 00:00:00 UTC,0.0013177633669619918,40836897.58701142,13111.94790823304
2024-10-01 00:00:00 UTC,0.0012851304986895966,39829692.615196325,23467.525527685662
2024-10-02 00:00:00 UTC,0.0012915838740593147,40019508.39056448,39300.685246952984
2024-10-03 00:00:00 UTC,0.0011891939532917054,36898514.98579465,45058.614814778324
2024-10-04 00:00:00 UTC,0.0011861266989251734,36827215.0999468,51790.29051048553
2024-10-05 00:00:00 UTC,0.0012312166089538821,38322721.62196781,22689.18341489554
2024-10-06 00:00:00 UTC,0.0011734608922374017,36587945.46529154,20938.101853692355
2024-10-07 00:00:00 UTC,0.001250105927207784,39020837.223929,14056.869136504169
2024-10-08 00:00:00 UTC,0.001156318367158013,36158804.67056022,48524.29487797371
2024-10-09 00:00:00 UTC,0.0011200563466709182,35021125.761666566,31567.560140360896
2024-10-10 00:00:00 UTC,0.0011273098152529992,35295344.48655084,10376.21668129596
2024-10-11 00:00:00 UTC,0.0010745271202156437,33676724.29378174,49455.47119750012
2024-10-12 00:00:00 UTC,0.0011399274619732966,35780608.951479115,19728.89717813464
2024-10-13 00:00:00 UTC,0.0011149139854392844,35054325.00652674,14045.734194121656
2024-10-14 00:00:00 UTC,0.0010843293974603832,34121122.722991325,31550.30189859848
2024-10-15 00:00:00 UTC,0.0010747911385073881,33932154.51418305,28858.355513291233
2024-10-16 00:00:00 UTC,0.0009743453546396992,30745333.066984605,24393.822940788363
2024-10-17 00:00:00 UTC,0.0009942001427910134,31403821.879301287,12503.585077280164
2024-10-18 00:00:00 UTC,0.0009673230017928751,30595705.119161606,18423.723647819443
2024-10-19 00:00:00 UTC,0.0010499311032022781,33259711.33427966,27675.82716525992
2024-10-20 00:00:00 UTC,0.0010945205728178447,34715471.29044347,9667.44141153819
2024-10-21 00:00:00 UTC,0.001160256188441192,36819480.55149176,38885.01185533576
2024-10-22 00:00:00 UTC,0.0011608271501659586,36862629.376897395,23808.115465032086
2024-10-23 00:00:00 UTC,0.0011596478591066552,36903270.83776567,10689.35160001295
2024-10-24 00:00:00 UTC,0.001178529239104274,37485814.653966665,11046.856644777203
2024-10-25 00:00:00 UTC,0.0012240034744988241,38913945.63660741,30007.667207722978
2024-10-26 00:00:00 UTC,0.0011285581031001215,35924388.18181779,14970.392956249689
2024-10-27 00:00:00 UTC,0.0011616460305574944,37036320.74482754,19076.387948463664
2024-10-28 00:00:00 UTC,0.0011134898770989434,35539638.86396769,21542.343644585213
2024-10-29 00:00:00 UTC,0.0011512702890727287,36790591.96667332,30235.389465867014
2024-10-30 00:00:00 UTC,0.0011467182336429979,36672684.15537736,33659.07837503462
2024-10-31 00:00:00 UTC,0.001123060009540293,35927808.947425656,18551.98061028463
2024-11-01 00:00:00 UTC,0.0010538935830268822,33732004.97244663,11069.94747366152
2024-11-02 00:00:00 UTC,0.0010315043422655685,32991846.87351289,41415.73332983473
2024-11-03 00:00:00 UTC,0.0010100667618414248,32338189.137191907,13248.200488160672
2024-11-04 00:00:00 UTC,0.0009573724905465921,30684735.62406015,14030.661606265334
2024-11-05 00:00:00 UTC,0.0009325009401758398,29914182.348885514,20478.20134198872
2024-11-06 00:00:00 UTC,0.0009562367849611336,30688618.462049775,24680.768563503534
2024-11-07 00:00:00 UTC,0.0010307213227101284,33043706.811744854,46190.28324127227
2024-11-08 00:00:00 UTC,0.0009987603255582715,31937612.998625655,33699.49127566914
2024-11-09 00:00:00 UTC,0.0010101901823335443,32300278.793668423,38179.11757037561
2024-11-10 00:00:00 UTC,0.0011167042932679735,35634965.43392648,46636.03998765173
2024-11-11 00:00:00 UTC,0.001109646870529114,35311342.69443139,34524.59443797224
2024-11-12 00:00:00 UTC,0.0010438398474557954,33381247.09148669,65391.04604131394
2024-11-13 00:00:00 UTC,0.0009661215116888726,30694391.906082608,44911.24325636355
2024-11-14 00:00:00 UTC,0.001001899413380551,31829187.496316187,33645.033966004004
2024-11-15 00:00:00 UTC,0.0009271483167567897,29453320.440623797,23081.492115435227
2024-11-16 00:00:00 UTC,0.0009613266949069685,30530206.071935363,44953.969567031796
2024-11-17 00:00:00 UTC,0.0009614896115445178,30495740.62126019,68481.60232191761
2024-11-18 00:00:00 UTC,0.0009174771944325527,29070610.50227714,37388.1987036735
2024-11-19 00:00:00 UTC,0.0009271147688344937,29339419.120191574,18587.079736211566
2024-11-20 00:00:00 UTC,0.0008877661546919733,28086407.334048707,19288.838135982034
2024-11-21 00:00:00 UTC,0.0009256837787622618,29213272.312820256,16687.210994407807
2024-11-22 00:00:00 UTC,0.0009333101874332427,29395116.873630073,13409.798222586018
2024-11-23 00:00:00 UTC,0.00088647634788037,27872476.685117606,56506.580149062356
2024-11-24 00:00:00 UTC,0.0009986046328571171,31199441.28003955,28560.67079266179
2024-11-25 00:00:00 UTC,0.001018596499875683,31892522.725805566,28380.55027330158
2024-11-26 00:00:00 UTC,0.0009840816386592515,30678832.692522038,24259.923705718953
2024-11-27 00:00:00 UTC,0.0009377088181259945,29239318.47689764,46478.74052622473
2024-11-28 00:00:00 UTC,0.0010677991647560098,33198848.23299078,42635.42249372297
2024-11-29 00:00:00 UTC,0.0010521472462768707,32673890.59346121,36607.41522676488
2024-11-30 00:00:00 UTC,0.0010538210343873278,32728085.471549083,42056.48041204032
2024-12-01 00:00:00 UTC,0.0011603695907974377,35999702.519279815,52541.692491061025
2024-12-02 00:00:00 UTC,0.0013334111194581069,41107615.40481034,234661.2645457149
2024-12-03 00:00:00 UTC,0.0015069280258768578,46032056.3941159,229123.8775519596
2024-12-04 00:00:00 UTC,0.001415135913563281,43260875.76823034,141604.93213391735
2024-12-05 00:00:00 UTC,0.0013464822381461746,40996100.02392761,176014.07683259173
2024-12-06 00:00:00 UTC,0.0013480312385078291,41027116.702178806,94265.0975027739
2024-12-07 00:00:00 UTC,0.001450028298694605,44014076.818617195,119784.1820683954
2024-12-08 00:00:00 UTC,0.0014128634514246942,42437737.52374529,220621.43507925587
2024-12-09 00:00:00 UTC,0.0013915726534025116,42251008.37016781,112038.43349573352
2024-12-10 00:00:00 UTC,0.001210735862324105,36687197.366082236,93381.9376400364
2024-12-11 00:00:00 UTC,0.001278085714613427,38749068.14925507,75871.63003313205
2024-12-12 00:00:00 UTC,0.001313868183934304,39859571.12974633,39023.611460327
2024-12-13 00:00:00 UTC,0.0012746960689479939,38276720.04278759,23876.054645858017
2024-12-14 00:00:00 UTC,0.0012844275518977771,38976280.88104397,33606.70674879883
2024-12-15 00:00:00 UTC,0.0014759102412803678,45005836.909293756,47354.62241505625
2024-12-16 00:00:00 UTC,0.0014518055182139564,44113901.759306744,54824.422712940686
2024-12-17 00:00:00 UTC,0.0014104710331045392,42861661.61359247,60775.51275689458
2024-12-18 00:00:00 UTC,0.001326678426367751,40146746.28519679,109543.06136635524
2024-12-19 00:00:00 UTC,0.0011883092272481543,36041413.97255658,62390.87520827853
2024-12-20 00:00:00 UTC,0.0011177970716238577,34193952.82109751,31384.08162737082
2024-12-21 00:00:00 UTC,0.0011156592975427428,33872633.377183996,50252.89147651954
2024-12-22 00:00:00 UTC,0.0010421168860274665,31640196.506940085,19654.777341010922
2024-12-23 00:00:00 UTC,0.0010295222514587448,31360469.28830366,20205.379696073833
2024-12-24 00:00:00 UTC,0.0011537887504021657,35213167.40838845,33193.511102204844
2024-12-25 00:00:00 UTC,0.0012041756304731605,36717313.43659524,21970.938941233544
2024-12-26 00:00:00 UTC,0.0011408003941776157,34706675.977105245,17465.481984221427
2024-12-27 00:00:00 UTC,0.0010676934031919891,32472087.973906744,76382.3022836466
2024-12-28 00:00:00 UTC,0.0009961978103676962,30353666.049643252,11548.87576577667
2024-12-29 00:00:00 UTC,0.0010453489845777598,31884254.924141437,25031.422304125117
2024-12-30 00:00:00 UTC,0.0010018247703049504,30617680.993379246,12200.485741224255
2024-12-31 00:00:00 UTC,0.0009338135761405293,28517601.76837047,72465.84439771032
2025-01-01 00:00:00 UTC,0.0009076665942062856,27792223.791114252,24991.167364760287
2025-01-02 00:00:00 UTC,0.000961563036075432,29444143.253900163,17175.644179500443
2025-01-03 00:00:00 UTC,0.000956924812321448,29291879.227223095,18570.903125687295
2025-01-04 00:00:00 UTC,0.0010215832477409972,31344443.65162402,19244.639346166856
2025-01-05 00:00:00 UTC,0.0010450918556016277,32115673.997555763,19284.99013019567
2025-01-06 00:00:00 UTC,0.001019343679572662,31334580.882566437,20917.838780885006
2025-01-07 00:00:00 UTC,0.0009971211554999752,30698110.19188332,18833.34238837287
2025-01-08 00:00:00 UTC,0.0009133255830111724,28098865.54592757,37700.563746223255
2025-01-09 00:00:00 UTC,0.0009076273072797338,27998801.08390104,20236.981588162973
2025-01-10 00:00:00 UTC,0.0008438947727407127,26061331.600493688,17042.07909496811
2025-01-11 00:00:00 UTC,0.0008250463743009991,25531563.025517516,13631.745316671015
2025-01-12 00:00:00 UTC,0.0008328401956613923,25831717.854125988,18065.787921222793
2025-01-13 00:00:00 UTC,0.0007751308691263919,24043242.157694824,13301.420732363506
2025-01-14 00:00:00 UTC,0.0007484605291585833,23261791.699906643,17983.183368236078
2025-01-15 00:00:00 UTC,0.0007349067266671721,22865251.681672532,25196.945481323295
2025-01-16 00:00:00 UTC,0.0007620479450073859,23579414.273737997,12943.436606322673
2025-01-17 00:00:00 UTC,0.0007444891917030393,23199436.80721764,26391.99532640861
2025-01-18 00:00:00 UTC,0.0008281180313756089,26685491.00001924,46299.678159278206
2025-01-19 00:00:00 UTC,0.0008180702149817551,25552473.963640623,68895.3640083126
2025-01-20 00:00:00 UTC,0.0005997342152943806,18773969.10003146,58845.08976940212
2025-01-21 00:00:00 UTC,0.000640236737591358,19683996.980568673,23066.1146176108
2025-01-22 00:00:00 UTC,0.0006744848735134017,21089160.43713737,23343.4538687839
2025-01-23 00:00:00 UTC,0.0006894129852865357,21566035.25710641,6214.438140117939
2025-01-24 00:00:00 UTC,0.0006568770740364192,20548123.19578619,13320.805572470734
2025-01-25 00:00:00 UTC,0.0006171587104283968,19335984.881596256,62931.39383205482
2025-01-26 00:00:00 UTC,0.0005843090643921831,18343207.478204634,71654.80461187729
2025-01-27 00:00:00 UTC,0.0005511895269476787,17275309.584843952,50413.106383333434
2025-01-28 00:00:00 UTC,0.0005472648024982665,17232551.077591635,46189.585261205066
2025-01-29 00:00:00 UTC,0.0005140103301343582,16135230.8523327,34518.82174862802
2025-01-30 00:00:00 UTC,0.0006283005560524467,19737032.800848424,69872.84847782458
2025-01-31 00:00:00 UTC,0.0006437301338366373,20058382.172350835,125926.45451544633
2025-02-01 00:00:00 UTC,0.0006265899574129099,19374611.278550006,113297.45062266878
2025-02-02 00:00:00 UTC,0.0005814448680069726,18010716.5659516,90412.64276205837
2025-02-03 00:00:00 UTC,0.000537544960720408,16611734.630736895,72483.31618214182
2025-02-04 00:00:00 UTC,0.0005450665379918445,16868310.653402872,46116.58332625249
2025-02-05 00:00:00 UTC,0.0005052601950714594,15479056.971665505,40424.79811549816
2025-02-06 00:00:00 UTC,0.00048541005970889714,14906897.08083248,27862.49015228216
2025-02-07 00:00:00 UTC,0.00047473131384993285,14877286.709660597,28290.31467079896
2025-02-08 00:00:00 UTC,0.0005250395881305275,16297692.570119318,48589.52050519466
2025-02-09 00:00:00 UTC,0.0005246316318241122,16226263.43087217,19761.23166010185
2025-02-10 00:00:00 UTC,0.0005210187741372358,16067502.350073295,24515.209810692122
2025-02-11 00:00:00 UTC,0.0005561517385091332,17201266.476273812,23120.528713934807
2025-02-12 00:00:00 UTC,0.000565170266904398,17472646.561938867,37102.88559081691
2025-02-13 00:00:00 UTC,0.0005737785252509993,17738116.998668827,30614.911467901715
2025-02-14 00:00:00 UTC,0.0005788983598712206,17900928.31956713,25093.355796403404
2025-02-15 00:00:00 UTC,0.0005857183150001521,18050893.889821604,32577.680511543524
2025-02-16 00:00:00 UTC,0.0005600147350774102,17318735.60365953,18869.187477689684
2025-02-17 00:00:00 UTC,0.000558188090149127,17269792.646061327,26290.879965340082
2025-02-18 00:00:00 UTC,0.0005378741559021444,16635445.380487159,18565.022638707425
2025-02-19 00:00:00 UTC,0.0005230232283223281,16166904.923565084,24516.69695088078
2025-02-20 00:00:00 UTC,0.0005328729147370713,16476818.949503062,16862.06199270748
2025-02-21 00:00:00 UTC,0.0005488756706992118,16979199.62460041,23221.12004779575
2025-02-22 00:00:00 UTC,0.000524922643935059,16217166.956409177,14210.372110765022
2025-02-23 00:00:00 UTC,0.000526214579595896,16272428.273013242,19148.64442287771
2025-02-24 00:00:00 UTC,0.0005695140347886025,17608372.703586727,34315.053759623304
2025-02-25 00:00:00 UTC,0.0004976130536599355,15374731.57182802,31433.601497720145
2025-02-26 00:00:00 UTC,0.0005191197163436257,16057440.607918877,36909.12734991171
2025-02-27 00:00:00 UTC,0.0004880740298228523,14944915.463860797,23894.743432019946
2025-02-28 00:00:00 UTC,0.00047370213394771864,14613704.821088575,29347.7764146441
2025-03-01 00:00:00 UTC,0.0004936562846271987,15267893.708768163,18962.02311545658
2025-03-02 00:00:00 UTC,0.00048408760701895356,14882996.071794808,16140.554717472387
2025-03-03 00:00:00 UTC,0.0005384712536955238,16688609.721337654,32703.47497277801
2025-03-04 00:00:00 UTC,0.00047170907531861745,14608996.88929118,22256.99939008206
2025-03-05 00:00:00 UTC,0.0004551708085555939,41102677.10625959,14204.659743932292
2025-03-06 00:00:00 UTC,0.0005018658784744944,45346405.25762488,22453.938146746972
2025-03-07 00:00:00 UTC,0.0004901681600371773,44201685.901494786,15868.401985472945
2025-03-08 00:00:00 UTC,0.00046793048827805224,42251226.37017273,10208.8330476123
2025-03-09 00:00:00 UTC,0.000451923558589087,40776038.86303554,5100.143200702469
2025-03-10 00:00:00 UTC,0.00037126301423635573,33515870.105831895,16230.46834771549
2025-03-11 00:00:00 UTC,0.0003732829624271953,33803868.053576685,22456.769993084483
2025-03-12 00:00:00 UTC,0.0004064995045282325,36673895.05592998,16617.424716874528
2025-03-13 00:00:00 UTC,0.00041883731913712805,37815911.12262426,7154.21185938587
2025-03-14 00:00:00 UTC,0.00042247965651058127,38113488.24106563,5557.290991038158
2025-03-15 00:00:00 UTC,0.0004456028397406035,40201669.191747025,7932.44946841311
2025-03-16 00:00:00 UTC,0.00046161383849804095,41654783.70431158,5955.893085842261
2025-03-17 00:00:00 UTC,0.00048475657472109475,43735325.89558008,12417.725143770327
2025-03-18 00:00:00 UTC,0.0004797603354348574,43268289.26549117,16856.742234829897
2025-03-19 00:00:00 UTC,0.00044675024499332797,40975151.33994649,16575.0446172824
2025-03-20 00:00:00 UTC,0.0004828866691201801,43576007.675734825,8288.873371553173
2025-03-21 00:00:00 UTC,0.00046736625258603627,42165139.765954,9381.423611491278
2025-03-22 00:00:00 UTC,0.00048135645648804496,43366593.000037454,10983.525895166775
2025-03-23 00:00:00 UTC,0.0004950708249410019,44665086.67632709,9117.977748266234
2025-03-24 00:00:00 UTC,0.0004889055633765364,44103645.152965374,5146.558431807646
2025-03-25 00:00:00 UTC,0.0004987066575206619,44996948.306695916,6230.100343556992
2025-03-26 00:00:00 UTC,0.0005053009191884592,45587905.65759564,7206.134337911624
2025-03-27 00:00:00 UTC,0.0005032721333001113,45405195.417010516,6957.1946013408815
2025-03-28 00:00:00 UTC,0.0005085736348084231,45888384.81707458,8670.277315308178
2025-03-29 00:00:00 UTC,0.000462796337043256,41750450.28968342,5397.220212621476
2025-03-30 00:00:00 UTC,0.0004783896860133865,43106508.02441145,6825.062627946802
2025-03-31 00:00:00 UTC,0.00047288961725885237,42652758.44500276,8939.71725749264
2025-04-01 00:00:00 UTC,0.0004620477212850053,41685279.67680433,6482.844179898146
2025-04-02 00:00:00 UTC,0.0004605342643036984,41624889.77567377,5245.424127931107
2025-04-03 00:00:00 UTC,0.000421962903892986,38048724.75261907,4133.802090362441
2025-04-04 00:00:00 UTC,0.00041605691796812023,37567503.719749525,3428.698488986844
2025-04-05 00:00:00 UTC,0.00042218849079083765,38098583.47980038,7350.26926913427
2025-04-06 00:00:00 UTC,0.0004236444187451301,38189814.47223514,3915.037910065179
2025-04-07 00:00:00 UTC,0.0003645151286808617,32862379.268234782,3471.446696187362
2025-04-08 00:00:00 UTC,0.0003912234851919485,35484999.1204391,5774.965637685164
2025-04-09 00:00:00 UTC,0.00036465466912476233,32902003.97158958,6061.500749913727
2025-04-10 00:00:00 UTC,0.00041927101305719457,37810674.26110688,9113.748633529593
2025-04-11 00:00:00 UTC,0.0004219441144703078,38098291.03791588,6337.162619347256
2025-04-12 00:00:00 UTC,0.00044462218662009854,40088290.81625226,19455.08779840953
2025-04-13 00:00:00 UTC,0.0005531428304185774,49988084.26314614,47934.11078178883
2025-04-14 00:00:00 UTC,0.00054713108374754,49180787.46787945,42371.806697476
2025-04-15 00:00:00 UTC,0.0005478253789604759,49439543.94875503,10690.802908584164
2025-04-16 00:00:00 UTC,0.0004989321097293633,45012723.95752432,8582.888399150765
2025-04-17 00:00:00 UTC,0.0005294604018003764,47797020.59966059,15081.660916122273
2025-04-18 00:00:00 UTC,0.0005133918510342509,46220298.58629603,10342.776646089937
2025-04-19 00:00:00 UTC,0.0005102591028382235,46035366.87578015,3373.6642247332866
2025-04-20 00:00:00 UTC,0.0005124209633796095,12719289.866556792,7159.3346173889995
2025-04-21 00:00:00 UTC,0.0005156501859333316,12788864.36005334,5507.9685507530785
2025-04-22 00:00:00 UTC,0.0005139458098421349,12725442.404877644,8797.352926842243
2025-04-23 00:00:00 UTC,0.0005863471546243317,14535616.651297845,16815.76628592019
2025-04-24 00:00:00 UTC,0.0005490343409275851,13617986.787432507,11498.847385277093
2025-04-25 00:00:00 UTC,0.0005742124367325801,14233766.937708639,11879.501857029842
2025-04-26 00:00:00 UTC,0.0006405366358633522,15844767.100761116,36874.27250538778
2025-04-27 00:00:00 UTC,0.0006538560740188639,16155194.263850631,10940.427717979315
2025-04-28 00:00:00 UTC,0.0006254792937680408,15446618.231100416,18405.321008184208
2025-04-29 00:00:00 UTC,0.0006041645447724126,14912819.906534065,7199.708191563788
2025-04-30 00:00:00 UTC,0.0005897260907702658,14553166.713807613,13864.39773625767
2025-05-01 00:00:00 UTC,0.0005901388871800823,14552324.137455672,5382.799606716984
2025-05-02 00:00:00 UTC,0.0005769426391630255,14217801.880819973,5916.300939906991
2025-05-03 00:00:00 UTC,0.0005826706483148167,14309473.031720586,13705.327740517387
2025-05-04 00:00:00 UTC,0.0005752330462767734,14122058.436870899,5317.4121965936865
2025-05-05 00:00:00 UTC,0.0005701191169448261,13992313.129544528,6328.887958705663
2025-05-06 00:00:00 UTC,0.0005655856979249037,13886322.2847246,3392.160269158209
2025-05-07 00:00:00 UTC,0.0005606560463220134,13752291.839835323,4149.266813137067
2025-05-08 00:00:00 UTC,0.0005522627251917236,13543922.228309816,5784.038750153831
2025-05-09 00:00:00 UTC,0.0005986803191626916,14669162.367509952,11823.526808425608
2025-05-10 00:00:00 UTC,0.0006011750583842715,14941751.368108992,12603.566382434583
2025-05-11 00:00:00 UTC,0.0006412990668808446,15687027.165194478,16302.308683434398
2025-05-12 00:00:00 UTC,0.0006029503529081539,14752414.750015741,7691.677151106757
2025-05-13 00:00:00 UTC,0.0005996349467938588,14671161.553056087,26198.888547028284
2025-05-14 00:00:00 UTC,0.0005856386052832062,14300401.955485258,24054.154879622136
2025-05-15 00:00:00 UTC,0.000635728979858491,15537230.297258811,24089.461872869444
2025-05-16 00:00:00 UTC,0.0006050892851953546,14750578.316604761,16712.892321108986
2025-05-17 00:00:00 UTC,0.0006131207453865193,14915983.936416736,15559.441122696073
2025-05-18 00:00:00 UTC,0.000590620812820518,14385655.17191485,5036.15647121152
2025-05-19 00:00:00 UTC,0.000603135136219745,14651031.341164697,5424.057408662605
2025-05-20 00:00:00 UTC,0.0005861722531914394,14258504.478089761,10182.87980051887
2025-05-21 00:00:00 UTC,0.0005995528287015095,14586044.82254315,7973.853964778509
2025-05-22 00:00:00 UTC,0.0006099863276516869,14855753.296528786,11253.956631797322
2025-05-23 00:00:00 UTC,0.000624622182194218,15189966.99494797,24797.542320865425
2025-05-24 00:00:00 UTC,0.0006002990731976246,14607929.882849248,14371.702822162275
2025-05-25 00:00:00 UTC,0.0006215549984543283,15088810.06334931,13773.987753286172
2025-05-26 00:00:00 UTC,0.0006231355111977446,15117141.21762914,13153.375128449536
2025-05-27 00:00:00 UTC,0.000624454885995377,15146028.195090331,4678.138132778536
2025-05-28 00:00:00 UTC,0.0005858207613177378,14203375.1450253,11707.062041451929
2025-05-29 00:00:00 UTC,0.0005544075354393771,13431731.636419224,19319.22485626397
2025-05-30 00:00:00 UTC,0.0005345298327672006,12944066.05569396,8585.948801612483
2025-05-31 00:00:00 UTC,0.000487266239365858,11820601.650767665,8943.606108823771
2025-06-01 00:00:00 UTC,0.000477819710793398,11563052.195870211,7592.304600647299
2025-06-02 00:00:00 UTC,0.0005092383266769102,12311776.362409,14067.252872851826
2025-06-03 00:00:00 UTC,0.000493295682707139,11926012.377561228,7120.117107666587
2025-06-04 00:00:00 UTC,0.0004810231670068546,11618540.291308908,5809.1127406320375
2025-06-05 00:00:00 UTC,0.00044743151961752623,10812289.626962246,5466.7797463610905
2025-06-06 00:00:00 UTC,0.00043224750074644363,10435033.715779997,7454.834588661571
2025-06-07 00:00:00 UTC,0.00043782099289691384,10572637.46538289,3675.9505579098964
2025-06-08 00:00:00 UTC,0.00044093044999396594,10645872.181410773,2539.216424214347
2025-06-09 00:00:00 UTC,0.0004396895138429455,10607909.90751914,8623.210356388388
2025-06-10 00:00:00 UTC,0.000454555248522581,10961745.42264514,2241.5045180074153
2025-06-11 00:00:00 UTC,0.0004489648544373162,10951869.737579362,3630.594168932661
2025-06-12 00:00:00 UTC,0.00043251189978183824,10417667.856032005,4814.268544409411
2025-06-13 00:00:00 UTC,0.00041390211306270217,9751340.82928571,10205.980246969375
2025-06-14 00:00:00 UTC,0.0003640805715898399,8770289.429685045,7091.980518088572
2025-06-15 00:00:00 UTC,0.0003750246510055216,9135614.071399137,3686.9961297361965
2025-06-16 00:00:00 UTC,0.0003747650714514266,9022589.519702643,3131.0748579680712
2025-06-17 00:00:00 UTC,0.0003669600742465534,8821086.876838556,4648.113446097326
2025-06-18 00:00:00 UTC,0.0003522601915890955,8470862.385468835,2766.9513053069527
2025-06-19 00:00:00 UTC,0.0003460716327859427,8318691.54876837,4647.191918470904
2025-06-20 00:00:00 UTC,0.0003708330503135826,8916316.279701222,3130.3726942309363
2025-06-21 00:00:00 UTC,0.00036440533879664584,8742037.449416094,4896.301530846084
2025-06-22 00:00:00 UTC,0.00033704532542863045,8103180.479629726,5527.092088852795
2025-06-23 00:00:00 UTC,0.0003246290653682968,7791474.301275111,2109.0330748190254
2025-06-24 00:00:00 UTC,0.00035550794747831057,8531837.52204791,8031.215364908988
2025-06-25 00:00:00 UTC,0.000346414944947458,8298326.657582132,3891.530402989774
2025-06-26 00:00:00 UTC,0.00032699890581988037,7826548.902823833,12632.250533002683
2025-06-27 00:00:00 UTC,0.0003293777032242872,7876674.234797274,16531.11889338549
2025-06-28 00:00:00 UTC,0.00033421469232903394,7971747.367256088,41462.44859362583
2025-06-29 00:00:00 UTC,0.00034957334702980577,8341661.93689453,3740.0016749563483
2025-06-30 00:00:00 UTC,0.0003607891510198982,8601628.650430413,1207.993854516789
2025-07-01 00:00:00 UTC,0.0003410723852622283,8132955.738911254,1895.759481760571
2025-07-02 00:00:00 UTC,0.00032752759583815023,7808472.753592064,2303.868894333568
2025-07-03 00:00:00 UTC,0.00034306556277293327,8175441.891653168,3310.226475681126
2025-07-04 00:00:00 UTC,0.0003446958557930495,8212374.220327245,4781.287891633767
2025-07-05 00:00:00 UTC,0.00033179948914545827,7899777.869821624,4605.086136863796
2025-07-06 00:00:00 UTC,0.0003349654536337447,7970357.524990141,2508.7918585804728
2025-07-07 00:00:00 UTC,0.00034917672510589696,8306707.810553041,7954.288457228158
2025-07-08 00:00:00 UTC,0.0003663250239927776,8710600.372399317,2529.0664079732064
2025-07-09 00:00:00 UTC,0.0003508741722903668,8343998.640767639,6683.319921380924
2025-07-10 00:00:00 UTC,0.00035842296920022854,8523657.788982872,2199.1322330592525
2025-07-11 00:00:00 UTC,0.0003931579921032897,9315088.674459163,5941.336411731069
2025-07-12 00:00:00 UTC,0.0004341136723373879,10303077.751682274,19061.17012794392
2025-07-13 00:00:00 UTC,0.00046027901958635756,10913919.387908494,12470.754394653597
2025-07-14 00:00:00 UTC,0.00046955844913794,11120388.318664564,10759.222141438087
2025-07-15 00:00:00 UTC,0.0004469477918342714,10584344.676801795,14729.505603355858
2025-07-16 00:00:00 UTC,0.00046753307655206456,11068774.059028756,4273.95181917172
2025-07-17 00:00:00 UTC,0.00048723480841483455,11527607.079962168,8078.646379203651
2025-07-18 00:00:00 UTC,0.000526670280184575,12536501.313735915,33184.69411258165
2025-07-19 00:00:00 UTC,0.0005716029528606937,13482170.8945493,15703.650295734778
2025-07-20 00:00:00 UTC,0.0005644423143651231,13302923.829223974,11633.295685500596
2025-07-21 00:00:00 UTC,0.0005897859568532195,13896837.620885579,13461.241978798646
2025-07-22 00:00:00 UTC,0.0005776065198602064,13596207.629284201,14472.492328233046
2025-07-23 00:00:00 UTC,0.0005734669281683579,13489565.915769799,9251.395428779642
2025-07-24 00:00:00 UTC,0.0005170201956671169,12161483.376557486,9085.876820325904
2025-07-25 00:00:00 UTC,0.0005019444980817351,11798392.972042955,6241.737377933798
2025-07-26 00:00:00 UTC,0.0005067202737550741,11892161.4477922,7182.203909257684
2025-07-27 00:00:00 UTC,0.0005140109414484452,12073104.400305588,9957.880459109136
2025-07-28 00:00:00 UTC,0.0005266153360792363,12363259.97375645,6996.981408920332
2025-07-29 00:00:00 UTC,0.000518917770445407,12353785.211776728,15816.117422810585
2025-07-30 00:00:00 UTC,0.000484092168822517,11347022.36403378,8823.513803755477
2025-07-31 00:00:00 UTC,0.0004806853654781371,11261242.312899508,4926.274495115872
2025-08-01 00:00:00 UTC,0.0004497024466653794,10529375.658043513,12219.28221830633
2025-08-02 00:00:00 UTC,0.0004274250266431205,10010495.936719958,7019.287358422381
2025-08-03 00:00:00 UTC,0.0004115217686904885,9638962.941816933,4621.171780863456
2025-08-04 00:00:00 UTC,0.00042128011436968636,9859708.021130081,4080.472637895078
2025-08-05 00:00:00 UTC,0.00043980055032267617,10279854.114644041,4027.4211526082363
2025-08-06 00:00:00 UTC,0.0004023582631270043,9400173.748042913,4223.861774663907
2025-08-07 00:00:00 UTC,0.0004189746825965615,9776481.633311532,3943.161141935499
2025-08-08 00:00:00 UTC,0.00043664119603597455,10181250.610724999,7136.090367080005
2025-08-09 00:00:00 UTC,0.000444596175241502,10370114.652871521,10386.419704512116
2025-08-10 00:00:00 UTC,0.00046989367863371713,10954773.316618515,7387.466041649773
2025-08-11 00:00:00 UTC,0.00045432333731064027,10587831.03582452,7382.059192626492
2025-08-12 00:00:00 UTC,0.00042738196810277325,9949494.022687733,3985.347449814147
2025-08-13 00:00:00 UTC,0.0004457736271791404,10378740.676171185,8880.369861481695
2025-08-14 00:00:00 UTC,0.00043447971062162034,10103752.140664201,13976.060615697032
2025-08-15 00:00:00 UTC,0.0003936296283360031,9151589.695479816,8347.518134550404
2025-08-16 00:00:00 UTC,0.0003994834476682086,9280269.271231031,4861.047471032251
2025-08-17 00:00:00 UTC,0.0004004909794290808,9307598.375161594,3808.038185098534
2025-08-18 00:00:00 UTC,0.00041784648898562915,9703029.26804285,3445.4299552054135
2025-08-19 00:00:00 UTC,0.0003909677439272797,9064533.528155131,3353.654692710912
2025-08-20 00:00:00 UTC,0.0004004744061639735,9447522.324209856,4000.627953283469
2025-08-21 00:00:00 UTC,0.0004035566203858412,9364208.296376234,2421.6715731541804
2025-08-22 00:00:00 UTC,0.00038831298749035856,9002396.16035322,4999.800726557774
2025-08-23 00:00:00 UTC,0.0004100930263573931,9511521.351181667,3638.189936180216
2025-08-24 00:00:00 UTC,0.0004037941163410163,9365528.54645851,2566.6549038409094
2025-08-25 00:00:00 UTC,0.000393600732760121,9124919.294986706,3410.607590305347
2025-08-26 00:00:00 UTC,0.0003723195935447201,8628312.499637509,2497.646124940052
2025-08-27 00:00:00 UTC,0.00039786404377664615,9218650.14940132,3350.747268404888
2025-08-28 00:00:00 UTC,0.0003971539093474362,9198802.377769435,7359.936604338799
2025-08-29 00:00:00 UTC,0.00040406604415589196,9356551.180518556,2571.595745129416
2025-08-30 00:00:00 UTC,0.00038638418683950576,8945075.684643473,5366.695271824095
2025-08-31 00:00:00 UTC,0.00038382647937545305,8937484.674736375,3093.6486095157024
2025-09-01 00:00:00 UTC,0.00038331580135801425,8899492.531055043,3493.275917895678
2025-09-02 00:00:00 UTC,0.0003782709004629052,8753079.289635574,6096.696071426458
2025-09-03 00:00:00 UTC,0.00039049037576636665,9033947.902240584,5326.962393594942
2025-09-04 00:00:00 UTC,0.00037033135720623915,8566584.230339102,3235.3744313282536
2025-09-05 00:00:00 UTC,0.00034492615611784127,7978259.606822201,3112.1227414347613
2025-09-06 00:00:00 UTC,0.00035139863550093356,8137562.024930405,2243.0233086946596
2025-09-07 00:00:00 UTC,0.0003416964816715001,7902094.822163203,2073.6021195574504
2025-09-08 00:00:00 UTC,0.0003430038467004334,7930736.717788204,3633.3446919977505
2025-09-09 00:00:00 UTC,0.0003526704099396881,8137848.587537131,2992.462178182388
2025-09-10 00:00:00 UTC,0.00035308095122535063,8153633.622500402,1532.4824592401646
2025-09-11 00:00:00 UTC,0.00035379625040595,8173687.495050327,2701.6399253035247
2025-09-12 00:00:00 UTC,0.0003997641964635534,9228457.940345012,11568.777736673866
2025-09-13 00:00:00 UTC,0.00040200511662011134,9277807.871527582,8490.875580107246
2025-09-14 00:00:00 UTC,0.0004124810616400057,9516995.341544129,6334.396237247849
2025-09-15 00:00:00 UTC,0.00041401335767077377,9549533.535489695,5731.822412581988
2025-09-16 00:00:00 UTC,0.0003977494859234443,9172707.098939486,3600.891398000603
2025-09-17 00:00:00 UTC,0.00039653331841526705,9141981.211873852,16892.48739722251
2025-09-18 00:00:00 UTC,0.00039289104456877074,9057400.443688076,2776.292993900686
2025-09-19 00:00:00 UTC,0.00039571367620257105,9120090.24719419,5728.640504331876
2025-09-20 00:00:00 UTC,0.00038501559052266673,8872312.282866376,1886.2934345500237
2025-09-21 00:00:00 UTC,0.0003799607864331911,8753588.988956077,3077.5854204211423
2025-09-22 00:00:00 UTC,0.000368130273001609,8485815.736414136,3275.4113380918434
2025-09-23 00:00:00 UTC,0.0003555564794383115,8187961.6785217095,4024.271988443573
2025-09-24 00:00:00 UTC,0.0003512020546635521,8085575.298054323,3482.0889051967138
2025-09-25 00:00:00 UTC,0.0003494157049906477,8042436.648403147,4221.975209862501
2025-09-26 00:00:00 UTC,0.00032832956298928245,7570300.729113766,2820.7536140360253
2025-09-27 00:00:00 UTC,0.0003394807117640729,7854143.709847669,812.3007001706302
2025-09-28 00:00:00 UTC,0.00033879227256961925,7791872.69856047,1685.7847931725762
2025-09-29 00:00:00 UTC,0.0003620643435995733,8324573.299073535,5760.623593650758
2025-09-30 00:00:00 UTC,0.0003499356210301374,8048158.215291715,1790.3342015615794
2025-10-01 00:00:00 UTC,0.0003671369781570654,8443771.680613467,4023.211642578508
2025-10-02 00:00:00 UTC,0.0004043035361250441,9218158.593327684,15708.214487337818
2025-10-03 00:00:00 UTC,0.00040473206804601895,9308419.956926994,5496.410339218176
2025-10-04 00:00:00 UTC,0.0003974141561972732,9140115.535128245,2782.9773879984145
2025-10-05 00:00:00 UTC,0.0003826918996141666,8801518.824344242,2367.6021460717066
2025-10-06 00:00:00 UTC,0.00038016372260032955,8743373.36163391,6239.203957085173
2025-10-07 00:00:00 UTC,0.00039218665827808145,9019888.476791305,2890.4469295583885
2025-10-08 00:00:00 UTC,0.00037132253201950814,8540035.100737432,15813.169646368575
2025-10-09 00:00:00 UTC,0.00037859469328026745,8707287.306218581,3423.1050227550923
2025-10-10 00:00:00 UTC,0.00039952897930248146,9188754.284444379,10327.364322391544
2025-10-11 00:00:00 UTC,0.0003184095024286026,7323090.016540518,14862.256127998291
2025-10-12 00:00:00 UTC,0.00033613499781437125,7730758.121002518,4374.650075857701
2025-10-13 00:00:00 UTC,0.0003400130310318756,7819948.883596945,6670.884694651848
2025-10-14 00:00:00 UTC,0.00033753947183051496,7763059.574218158,3333.585840129785
2025-10-15 00:00:00 UTC,0.00033031630760763195,7606694.820559391,4011.309779759052
2025-10-16 00:00:00 UTC,0.00031806382867706294,7315139.8769260505,2437.51194407394
2025-10-17 00:00:00 UTC,0.0003051118855080487,7017258.5480323685,8503.29975961368
2025-10-18 00:00:00 UTC,0.00029123479028181283,6698099.676407244,5223.161076090609
2025-10-19 00:00:00 UTC,0.0002809725519220506,6462078.78285183,1621.0007042090422
2025-10-20 00:00:00 UTC,0.0002965179368959345,6819606.597308481,2507.467177036506
2025-10-21 00:00:00 UTC,0.00028286398944694436,6535493.023940031,2661.9652498335604
2025-10-22 00:00:00 UTC,0.00029189395948339724,6683877.094567506,1198.199673833924
2025-10-23 00:00:00 UTC,0.0002752234176998041,6329854.6277761655,495.6705983398898
2025-10-24 00:00:00 UTC,0.0003060626285737837,7039124.657554463,2500.9313690134886
2025-10-25 00:00:00 UTC,0.0002975492284378085,6843325.238670743,873.1252423206944
2025-10-26 00:00:00 UTC,0.0003008530229750629,6919309.104126812,929.947677192059
2025-10-27 00:00:00 UTC,0.0003196941677947315,7352635.994426034,7090.233006248497
2025-10-28 00:00:00 UTC,0.0003430557114462477,7889927.393647875,2918.613496109346
2025-10-29 00:00:00 UTC,0.0003689880518461728,8486344.465499569,7940.88574515037
2025-10-30 00:00:00 UTC,0.00037427007641662564,8598252.987761633,6992.825256518006
2025-10-31 00:00:00 UTC,0.000362251670784351,8331414.651768581,4394.579846759386
2025-11-01 00:00:00 UTC,0.000373682663129726,8604842.74275289,7446.151858365857
2025-11-02 00:00:00 UTC,0.0003579526355066444,8232541.276185238,5742.326685724411
2025-11-03 00:00:00 UTC,0.00036118089206570116,8306787.846083887,3424.107778240782
2025-11-04 00:00:00 UTC,0.0003289437685729997,7565367.268460514,4247.837929230805
2025-11-05 00:00:00 UTC,0.00032973588424150093,7583585.1115201665,7764.413545560728
2025-11-06 00:00:00 UTC,0.000359196120709943,8261140.1528159175,2617.0717718530223
2025-11-07 00:00:00 UTC,0.00036059989572813096,8238235.517564926,4080.1376872891424
2025-11-08 00:00:00 UTC,0.0003747662769048462,8619237.679796726,12401.101611875016
2025-11-09 00:00:00 UTC,0.00036852756267909505,8475753.689795854,2990.7158872537775
2025-11-10 00:00:00 UTC,0.00036202515839242697,8326205.100472937,4614.293765375301
2025-11-11 00:00:00 UTC,0.0003695332763813403,8498884.067238223,11382.995757192368
2025-11-12 00:00:00 UTC,0.0003501100237541822,8040311.901599094,3787.3318542451057
2025-11-13 00:00:00 UTC,0.00034790805308366265,7996791.92739871,3532.361750905235
2025-11-14 00:00:00 UTC,0.00035187861263699465,8092845.017443885,6060.49682999411
2025-11-15 00:00:00 UTC,0.00036433852206032246,8323763.376671183,8592.716256173468
2025-11-16 00:00:00 UTC,0.0003426248655675454,7880018.382990443,18279.645904169432
2025-11-17 00:00:00 UTC,0.0003566430922178406,8202423.131747582,7027.624345887474
2025-11-18 00:00:00 UTC,0.0003440649688269806,7913139.272039043,15262.958936235987
2025-11-19 00:00:00 UTC,0.0003415746064982307,7855863.508068003,6068.843091807468
2025-11-20 00:00:00 UTC,0.0003206335359651171,7374322.455176416,3332.4098894373824
2025-11-21 00:00:00 UTC,0.00030927326293504444,7112965.935086631,2309.2727691475616
2025-11-22 00:00:00 UTC,0.0002771033282830903,6334823.681963315,2611.2364625288765
2025-11-23 00:00:00 UTC,0.00027259589853948255,6269424.398199287,2139.820633619651
2025-11-24 00:00:00 UTC,0.00027711337946669705,6373321.798326077,3183.9743352685
2025-11-25 00:00:00 UTC,0.000335990797222241,7727441.656171684,11922.385152803992
2025-11-26 00:00:00 UTC,0.0003249358418813739,7473189.089987174,1572.3500353185345
2025-11-27 00:00:00 UTC,0.0003250512783972285,7474670.988608823,5658.127399288221
2025-11-28 00:00:00 UTC,0.00032619098847015546,7502056.166451583,2690.805773296624
2025-11-29 00:00:00 UTC,0.0003309224321480833,7610874.489075063,2033.8493389099335
2025-11-30 00:00:00 UTC,0.0003204362550919538,7390090.764978286,909.5600896446894
2025-12-01 00:00:00 UTC,0.0003240720180501281,7453322.033173867,2586.32875282083
2025-12-02 00:00:00 UTC,0.00028504448037535834,6555728.935805953,1896.6704801294504
2025-12-03 00:00:00 UTC,0.0003046107607533652,7005817.766749538,1785.4148516567961
2025-12-04 00:00:00 UTC,0.0003148889549930317,7242121.0580718005,2460.7017616769826
2025-12-05 00:00:00 UTC,0.0003043524095336575,6999791.38425916,753.4017707094669
2025-12-06 00:00:00 UTC,0.0002989225737306856,6874910.763370297,4333.585055626782
2025-12-07 00:00:00 UTC,0.0002909160894844284,6690769.886907282,2510.0242955758727
2025-12-08 00:00:00 UTC,0.0002996943346704663,6892660.468671667,2820.8111478861942
2025-12-09 00:00:00 UTC,0.00028679993558851163,6596102.594405572,1210.9410982115169
2025-12-10 00:00:00 UTC,0.00029984118497975663,6896037.874263169,1773.0929338724482
2025-12-11 00:00:00 UTC,0.0002867872641527853,6595811.164458429,1774.7120146005568
2025-12-12 00:00:00 UTC,0.0002774946839092719,6382091.407070115,1592.6599060719238
2025-12-13 00:00:00 UTC,0.00027536208638452076,6333043.864444385,6587.4802918574105
2025-12-14 00:00:00 UTC,0.00027948563443926913,6427881.214969828,518.6497602494983
2025-12-15 00:00:00 UTC,0.0002713966955240652,6241843.966198904,486.9693483112513
2025-12-16 00:00:00 UTC,0.00026051500702364106,5991576.358565465,6532.204510013511
2025-12-17 00:00:00 UTC,0.000262691758619746,6041639.399273553,1462.8067727143775
2025-12-18 00:00:00 UTC,0.00024984590258184927,5746197.964933406,1973.6303417169495
2025-12-19 00:00:00 UTC,0.0002462723039769111,5664008.884308171,3642.073571543226
2025-12-20 00:00:00 UTC,0.0002489096377114147,5724664.838964422,2048.3965134737587
2025-12-21 00:00:00 UTC,0.00024447100909221506,5622580.960561073,1275.7345405174658
2025-12-22 00:00:00 UTC,0.00024855335345274997,5716470.6686341455,801.4787366480474
2025-12-23 00:00:00 UTC,0.0002432526754134321,5594560.543042565,643.842936958289
2025-12-24 00:00:00 UTC,0.00023982632896462952,5515758.1100716395,3667.5985363020927
2025-12-25 00:00:00 UTC,0.0002269017145829682,5218505.315088855,1967.2037442641342
2025-12-26 00:00:00 UTC,0.00022058131163016283,5073142.568653293,541.9345985454408
2025-12-27 00:00:00 UTC,0.0002251736431348476,5182788.161062065,1199.7435072303317
2025-12-28 00:00:00 UTC,0.0002287486375035279,5260982.636581179,1434.139700859886
2025-12-29 00:00:00 UTC,0.00023023392530859484,5295142.72355727,3357.3676564903785
2025-12-30 00:00:00 UTC,0.0002251196630029639,5177519.967494162,1417.550131533226
2025-12-31 00:00:00 UTC,0.0002234037303986388,5138055.288117618,3051.1564582902424
2026-01-01 00:00:00 UTC,0.00021054599515940697,4842340.644403888,3840.402910754077
2026-01-02 00:00:00 UTC,0.00022789254430265074,5241293.376289778,17971.957454736363
2026-01-03 00:00:00 UTC,0.00024620810399169344,5670655.583800086,1525.8104701790407
2026-01-04 00:00:00 UTC,0.00024253634744963036,5578021.606027488,1241.2117178637407
2026-01-05 00:00:00 UTC,0.0002381170925000873,5476447.435000934,622.0373933441606
2026-01-06 00:00:00 UTC,0.00023902441985962562,5507705.810173046,1883.6846615799714
2026-01-07 00:00:00 UTC,0.00024188784373181918,5563170.822617624,2272.872917387848
2026-01-08 00:00:00 UTC,0.00023670514574568205,5443974.116515752,752.0207674242617
2026-01-09 00:00:00 UTC,0.00022137035450147473,5091289.740548147,1581.1017925977367
2026-01-10 00:00:00 UTC,0.0002172922645219419,4997497.878848394,395.95978557126205
2026-01-11 00:00:00 UTC,0.00020788265948941888,4781086.672060649,375.1276849096425
2026-01-12 00:00:00 UTC,0.0002144428618037437,4931964.55638287,521.8522380617018
2026-01-13 00:00:00 UTC,0.00020152444643225793,4634854.332237897,336.77861482303155
2026-01-14 00:00:00 UTC,0.00020997118847410247,4829120.683735352,344.5925011055335
2026-01-15 00:00:00 UTC,0.00021301303517398977,4886141.121464808,536.8260729507205
2026-01-16 00:00:00 UTC,0.00020759459199859315,4774461.417003669,70.68265709418668
2026-01-17 00:00:00 UTC,0.00021038925305599807,4838735.737754148,296.2417553619044
2026-01-18 00:00:00 UTC,0.00020873397892129023,4801031.0508535225,224.60656392566233
2026-01-19 00:00:00 UTC,0.00020278781477287746,4672584.282486347,214.66365149163576
2026-01-20 00:00:00 UTC,0.0001950722638976266,4486460.791392331,423.3422791339389
2026-01-21 00:00:00 UTC,0.00018233107005861357,4193426.479634608,193.3874789480432
2026-01-22 00:00:00 UTC,0.00018688270097162298,4298109.294198255,396.21143946251175
2026-01-23 00:00:00 UTC,0.0001841518507775952,4235302.557464522,197.52824436033578
2026-01-24 00:00:00 UTC,0.00018432590387877076,4239305.599201168,397.49251436565936
2026-01-25 00:00:00 UTC,0.00018221309577124448,4190713.1927526165,346.94990223527634
2026-01-26 00:00:00 UTC,0.00016988261043490285,3906686.8753105034,141.4322356416826
2026-01-27 00:00:00 UTC,0.00017182716301559302,3960499.840786875,694.0588269752916
2026-01-28 00:00:00 UTC,0.00016666969774815143,3833231.0761139924,224.80492772726396
2026-01-29 00:00:00 UTC,0.00016580318543876117,3813302.1870773705,51.52302250824577
2026-01-30 00:00:00 UTC,0.00016042267728259713,3689556.051168143,1018.4619848067612
2026-01-31 00:00:00 UTC,0.00016231454237657068,3733066.996277029,205.27891539338296
2026-02-01 00:00:00 UTC,0.00014961978591616746,3441100.696312607,764.3475617179504
2026-02-02 00:00:00 UTC,0.00014615703194372377,3361460.927863722,389.87600204160407
2026-02-03 00:00:00 UTC,0.00014722296760708153,3385976.3482738286,368.32477181468846
2026-02-04 00:00:00 UTC,0.00013639694610443451,3143731.0446897694,96.40784056136903
2026-02-05 00:00:00 UTC,0.00013546816839288384,3117826.2013432155,53.47798664807006
2026-02-06 00:00:00 UTC,0.00011142104184138416,2562568.9965837123,850.1711464508462
2026-02-07 00:00:00 UTC,0.00012996728534372132,2966673.7658177475,1133.0923102445602
2026-02-08 00:00:00 UTC,0.00012231662661905116,2813156.2042553653,98.73201065714012
2026-02-09 00:00:00 UTC,0.0001232953612940108,2835666.0919074984,744.6859555430168
2026-02-10 00:00:00 UTC,0.00013033779845270037,2997634.88007354,491.16564200084366
2026-02-11 00:00:00 UTC,0.000121602560339235,2796733.416603034,2620.5484413987697
2026-02-12 00:00:00 UTC,0.00012628366002601305,2904393.879375691,992.8635910452516
2026-02-13 00:00:00 UTC,0.00012790305084124285,2940997.457964364,1013.9747083527218
2026-02-14 00:00:00 UTC,0.0001413691403045497,3250398.9390048278,1853.7640133722457
2026-02-15 00:00:00 UTC,0.0001719484476263894,3949775.041457652,5737.583338184957
2026-02-16 00:00:00 UTC,0.00020048854897689744,4543985.175629777,6851.929739697472
2026-02-17 00:00:00 UTC,0.00021985297910504369,5056391.672079099,9911.99201399473
2026-02-18 00:00:00 UTC,0.0002171674099239633,4994626.351921583,5337.498427036043
2026-02-19 00:00:00 UTC,0.00025860568925985375,5947664.020058766,8642.753178515173
2026-02-20 00:00:00 UTC,0.00020933170745605158,4814413.2801455185,6450.623434509004
2026-02-21 00:00:00 UTC,0.00022336098692739411,5137072.232382294,1726.4195600125095
2026-02-22 00:00:00 UTC,0.00022981294577111046,5285460.628567623,1807.6130472695154
2026-02-23 00:00:00 UTC,0.000218341020164883,5025193.2708104635,804.0258827493603
2026-02-24 00:00:00 UTC,0.00021194411239584249,4874495.898245252,1641.575221923642
2026-02-25 00:00:00 UTC,0.00022140919066661078,5092182.932274584,1638.3255829895247
2026-02-26 00:00:00 UTC,0.00021186589712492566,4873684.77149333,1585.71377048453
2026-02-27 00:00:00 UTC,0.00021420781453309308,4926558.71168292,1399.4059591703015
2026-02-28 00:00:00 UTC,0.00020110406780416982,4625186.057544339,1014.580933445913
2026-03-01 00:00:00 UTC,0.0001965939384455571,4521457.735909941,1709.3315694385615
2026-03-02 00:00:00 UTC,0.0001934946065076647,4450176.299271867,1551.984940384838
2026-03-03 00:00:00 UTC,0.00019392095860695362,4459981.957639534,394.1380300454134
2026-03-04 00:00:00 UTC,0.00019403699419824803,4462650.656512181,1429.5904234597926
2026-03-05 00:00:00 UTC,0.00018787173051212165,4320855.9531354,2359.2408091282505
2026-03-06 00:00:00 UTC,0.000185596736843951,4268533.446137329,838.1690060386458
2026-03-07 00:00:00 UTC,0.00017966703870837578,4132156.5073634386,1062.9616688350739
2026-03-08 00:00:00 UTC,0.00017682007972278486,4066679.3882264057,179.08227915394366
2026-03-09 00:00:00 UTC,0.00017790350770821649,4091597.11399539,227.3882780865642
2026-03-10 00:00:00 UTC,0.00016953361382977998,3899098.1909633246,957.5884275425387
2026-03-11 00:00:00 UTC,0.00017609694716047103,4050048.085431342,1183.986911586833
2026-03-12 00:00:00 UTC,0.00017605409123352167,4049062.4433308425,3182.9981508251085
2026-03-13 00:00:00 UTC,0.00017310944082806227,3981338.5223361887,343.04873425584753
2026-03-14 00:00:00 UTC,0.00017378177560843698,3996801.5285605052,941.5960488830278
2026-03-15 00:00:00 UTC,0.00017555145126586035,3555619.0939387344,1230.5041222882778
2026-03-16 00:00:00 UTC,0.0001849567129947348,3746113.2649953584,2103.3765656138635
2026-03-17 00:00:00 UTC,0.0001893980619763472,3836068.347268936,1243.7812817617105
2026-03-18 00:00:00 UTC,0.00019823959366809766,4015144.7301536486,2469.243071184337
2026-03-19 00:00:00 UTC,0.0001950714745434818,3950977.6454036804,749.419355512832
2026-03-20 00:00:00 UTC,0.000193807177227498,3922712.4350286857,208.8503059797923
2026-03-21 00:00:00 UTC,0.00019111490349853444,3870841.2554593156,1193.7975483659056
2026-03-22 00:00:00 UTC,0.00018554913091024726,3758112.097456147,430.74607648202647
2026-03-23 00:00:00 UTC,0.00017530226154904055,3550572.005414266,713.1654867825473
2026-03-24 00:00:00 UTC,0.00020154087115194949,4082008.8043115833,4598.879611284006
2026-03-25 00:00:00 UTC,0.00018789279320177238,3817243.7689295034,1198.2547027593564
2026-03-26 00:00:00 UTC,0.00018686249295698964,3784712.9323508674,365.7406846500895
2026-03-27 00:00:00 UTC,0.0001819177142184588,3684561.3837806648,321.5235893264599
2026-03-28 00:00:00 UTC,0.00017711335689574674,3587253.930566454,605.1695992984407
2026-03-29 00:00:00 UTC,0.00017537468937279906,3552038.958556671,296.69846042056713
2026-03-30 00:00:00 UTC,0.00017255458344187893,3494920.533031815,159.68003962984187
2026-03-31 00:00:00 UTC,0.00016224966958840707,3286204.8078435953,1869.9303247852988
2026-04-01 00:00:00 UTC,0.00016188853233967552,3278890.3340077875,1177.2264880447453
2026-04-02 00:00:00 UTC,0.00016170977088400507,3275269.6994846375,444.1490878692864
2026-04-03 00:00:00 UTC,0.0001562177116920035,3164033.532609839,538.5306932148881
2026-04-04 00:00:00 UTC,0.00015453096444977663,3129870.1539657754,709.7054221260948
2026-04-05 00:00:00 UTC,0.00015041173179046745,3046439.2156841266,860.4859856213486
